Time Stamp,Time Zone,Limiting Facility,Facility PTID,Contingency,Constraint Cost($)
07/12/2024 00:00:00,EDT,ALCOA    115 ALCOA_PA 115 1,25202, BASE CASE,0.14
07/12/2024 00:00:00,EDT,ELWOOD   138 NRTHPORT 138 1,25543,NRTHPORT-ELWOOD___138_681,-68.17
07/12/2024 00:00:00,EDT,NRTHPORT 138 PILGRIM  138 2,25308,NRTHPORT-PILGRIM__138_679,100.0
07/12/2024 00:00:00,EDT,SCRIBA   345 VOLNEY   345 1,25204,SCRIBA__-VOLNEY___345_21,47.83
07/12/2024 00:05:00,EDT,SCRIBA   345 VOLNEY   345 1,25204,SCRIBA__-VOLNEY___345_21,6.91
07/12/2024 00:10:00,EDT,ALCOA    115 ALCOA_PA 115 1,25202, BASE CASE,200.0
07/12/2024 00:10:00,EDT,SCRIBA   345 VOLNEY   345 1,25204,SCRIBA__-VOLNEY___345_21,26.86
07/12/2024 00:15:00,EDT,ALCOA    115 ALCOA_PA 115 1,25202, BASE CASE,200.0
07/12/2024 00:15:00,EDT,SCRIBA   345 VOLNEY   345 1,25204,SCRIBA__-VOLNEY___345_21,7.52
07/12/2024 00:20:00,EDT,ALCOA    115 ALCOA_PA 115 1,25202, BASE CASE,15.11
07/12/2024 00:20:00,EDT,SCRIBA   345 VOLNEY   345 1,25204,SCRIBA__-VOLNEY___345_21,6.38
07/12/2024 00:25:00,EDT,ALCOA    115 ALCOA_PA 115 1,25202, BASE CASE,15.11
07/12/2024 00:25:00,EDT,SCRIBA   345 VOLNEY   345 1,25204,SCRIBA__-VOLNEY___345_21,6.11
07/12/2024 00:30:00,EDT,ALCOA    115 ALCOA_PA 115 1,25202, BASE CASE,0.14
07/12/2024 00:30:00,EDT,SCRIBA   345 VOLNEY   345 1,25204,SCRIBA__-VOLNEY___345_21,6.17
07/12/2024 00:35:00,EDT,ALCOA    115 ALCOA_PA 115 1,25202, BASE CASE,15.11
07/12/2024 00:35:00,EDT,SCRIBA   345 VOLNEY   345 1,25204,SCRIBA__-VOLNEY___345_21,3.58
07/12/2024 00:40:00,EDT,ALCOA    115 ALCOA_PA 115 1,25202, BASE CASE,15.11
07/12/2024 00:40:00,EDT,SCRIBA   345 VOLNEY   345 1,25204,SCRIBA__-VOLNEY___345_21,2.44
07/12/2024 00:45:00,EDT,ALCOA    115 ALCOA_PA 115 1,25202, BASE CASE,200.0
07/12/2024 00:50:00,EDT,ALCOA    115 ALCOA_PA 115 1,25202, BASE CASE,200.0
07/12/2024 00:55:00,EDT,ALCOA    115 ALCOA_PA 115 1,25202, BASE CASE,200.0
07/12/2024 01:00:00,EDT,ALCOA    115 ALCOA_PA 115 1,25202, BASE CASE,200.0
07/12/2024 01:00:00,EDT,SCRIBA   345 VOLNEY   345 1,25204,SCRIBA__-VOLNEY___345_21,14.31
07/12/2024 01:05:00,EDT,ALCOA    115 ALCOA_PA 115 1,25202, BASE CASE,350.0
07/12/2024 01:05:00,EDT,SCRIBA   345 VOLNEY   345 1,25204,SCRIBA__-VOLNEY___345_21,7.58
07/12/2024 01:10:00,EDT,ALCOA    115 ALCOA_PA 115 1,25202, BASE CASE,350.0
07/12/2024 01:10:00,EDT,SCRIBA   345 VOLNEY   345 1,25204,SCRIBA__-VOLNEY___345_21,6.97
07/12/2024 01:15:00,EDT,ALCOA    115 ALCOA_PA 115 1,25202, BASE CASE,200.0
07/12/2024 01:15:00,EDT,SCRIBA   345 VOLNEY   345 1,25204,SCRIBA__-VOLNEY___345_21,6.68
07/12/2024 01:20:00,EDT,ALCOA    115 ALCOA_PA 115 1,25202, BASE CASE,350.0
07/12/2024 01:20:00,EDT,SCRIBA   345 VOLNEY   345 1,25204,SCRIBA__-VOLNEY___345_21,6.75
07/12/2024 01:25:00,EDT,ALCOA    115 ALCOA_PA 115 1,25202, BASE CASE,350.0
07/12/2024 01:25:00,EDT,SCRIBA   345 VOLNEY   345 1,25204,SCRIBA__-VOLNEY___345_21,6.6
07/12/2024 01:30:00,EDT,ALCOA    115 ALCOA_PA 115 1,25202, BASE CASE,350.0
07/12/2024 01:35:00,EDT,ALCOA    115 ALCOA_PA 115 1,25202, BASE CASE,350.0
07/12/2024 01:40:00,EDT,ALCOA    115 ALCOA_PA 115 1,25202, BASE CASE,350.0
07/12/2024 01:45:00,EDT,ALCOA    115 ALCOA_PA 115 1,25202, BASE CASE,350.0
07/12/2024 01:50:00,EDT,ALCOA    115 ALCOA_PA 115 1,25202, BASE CASE,350.0
07/12/2024 01:55:00,EDT,ALCOA    115 ALCOA_PA 115 1,25202, BASE CASE,350.0
07/12/2024 02:00:00,EDT,ALCOA    115 ALCOA_PA 115 1,25202, BASE CASE,200.0
07/12/2024 02:00:00,EDT,EGRDNCTY 345 EGRDNCTY 138 1,25551,NEPTUNE HVDC TIE LINE,1.49
07/12/2024 02:00:00,EDT,SCRIBA   345 VOLNEY   345 1,25204,SCRIBA__-VOLNEY___345_21,39.25
07/12/2024 02:05:00,EDT,ALCOA    115 ALCOA_PA 115 1,25202, BASE CASE,200.0
07/12/2024 02:05:00,EDT,SCRIBA   345 VOLNEY   345 1,25204,SCRIBA__-VOLNEY___345_21,20.75
07/12/2024 02:10:00,EDT,ALCOA    115 ALCOA_PA 115 1,25202, BASE CASE,200.0
07/12/2024 02:10:00,EDT,SCRIBA   345 VOLNEY   345 1,25204,SCRIBA__-VOLNEY___345_21,14.53
07/12/2024 02:15:00,EDT,ALCOA    115 ALCOA_PA 115 1,25202, BASE CASE,200.0
07/12/2024 02:15:00,EDT,SCRIBA   345 VOLNEY   345 1,25204,SCRIBA__-VOLNEY___345_21,14.68
07/12/2024 02:20:00,EDT,ALCOA    115 ALCOA_PA 115 1,25202, BASE CASE,15.11
07/12/2024 02:20:00,EDT,SCRIBA   345 VOLNEY   345 1,25204,SCRIBA__-VOLNEY___345_21,28.79
07/12/2024 02:25:00,EDT,ALCOA    115 ALCOA_PA 115 1,25202, BASE CASE,15.11
07/12/2024 02:25:00,EDT,SCRIBA   345 VOLNEY   345 1,25204,SCRIBA__-VOLNEY___345_21,29.38
07/12/2024 02:30:00,EDT,ALCOA    115 ALCOA_PA 115 1,25202, BASE CASE,200.0
07/12/2024 02:30:00,EDT,SCRIBA   345 VOLNEY   345 1,25204,SCRIBA__-VOLNEY___345_21,28.69
07/12/2024 02:35:00,EDT,ALCOA    115 ALCOA_PA 115 1,25202, BASE CASE,200.0
07/12/2024 02:35:00,EDT,SCRIBA   345 VOLNEY   345 1,25204,SCRIBA__-VOLNEY___345_21,28.51
07/12/2024 02:40:00,EDT,ALCOA    115 ALCOA_PA 115 1,25202, BASE CASE,200.0
07/12/2024 02:40:00,EDT,SCRIBA   345 VOLNEY   345 1,25204,SCRIBA__-VOLNEY___345_21,28.6
07/12/2024 02:45:00,EDT,ALCOA    115 ALCOA_PA 115 1,25202, BASE CASE,200.0
07/12/2024 02:45:00,EDT,SCRIBA   345 VOLNEY   345 1,25204,SCRIBA__-VOLNEY___345_21,20.43
07/12/2024 02:50:00,EDT,ALCOA    115 ALCOA_PA 115 1,25202, BASE CASE,200.0
07/12/2024 02:50:00,EDT,SCRIBA   345 VOLNEY   345 1,25204,SCRIBA__-VOLNEY___345_21,14.53
07/12/2024 02:55:00,EDT,ALCOA    115 ALCOA_PA 115 1,25202, BASE CASE,200.0
07/12/2024 02:55:00,EDT,SCRIBA   345 VOLNEY   345 1,25204,SCRIBA__-VOLNEY___345_21,7.2
07/12/2024 03:00:00,EDT,ALCOA    115 ALCOA_PA 115 1,25202, BASE CASE,15.11
07/12/2024 03:05:00,EDT,ALCOA    115 ALCOA_PA 115 1,25202, BASE CASE,0.14
07/12/2024 03:05:00,EDT,SCRIBA   345 VOLNEY   345 1,25204,SCRIBA__-VOLNEY___345_21,7.68
07/12/2024 03:10:00,EDT,SCRIBA   345 VOLNEY   345 1,25204,SCRIBA__-VOLNEY___345_21,0.45
07/12/2024 03:15:00,EDT,ALCOA    115 ALCOA_PA 115 1,25202, BASE CASE,0.14
07/12/2024 03:15:00,EDT,SCRIBA   345 VOLNEY   345 1,25204,SCRIBA__-VOLNEY___345_21,0.2
07/12/2024 03:20:00,EDT,ALCOA    115 ALCOA_PA 115 1,25202, BASE CASE,0.14
07/12/2024 03:20:00,EDT,SCRIBA   345 VOLNEY   345 1,25204,SCRIBA__-VOLNEY___345_21,0.2
07/12/2024 03:25:00,EDT,ALCOA    115 ALCOA_PA 115 1,25202, BASE CASE,0.14
07/12/2024 03:25:00,EDT,SCRIBA   345 VOLNEY   345 1,25204,SCRIBA__-VOLNEY___345_21,0.13
07/12/2024 03:30:00,EDT,ALCOA    115 ALCOA_PA 115 1,25202, BASE CASE,0.14
07/12/2024 03:40:00,EDT,ALCOA    115 ALCOA_PA 115 1,25202, BASE CASE,0.14
07/12/2024 03:50:00,EDT,ALCOA    115 ALCOA_PA 115 1,25202, BASE CASE,0.14
07/12/2024 03:55:00,EDT,ALCOA    115 ALCOA_PA 115 1,25202, BASE CASE,15.11
07/12/2024 04:05:00,EDT,SCRIBA   345 VOLNEY   345 1,25204,SCRIBA__-VOLNEY___345_21,1.7
07/12/2024 04:10:00,EDT,SCRIBA   345 VOLNEY   345 1,25204,SCRIBA__-VOLNEY___345_21,20.81
07/12/2024 04:10:00,EDT,SPRNBRK  345 EGRDNCTR 345 1,25105,NEPTUNE HVDC TIE LINE,7.46
07/12/2024 04:15:00,EDT,SCRIBA   345 VOLNEY   345 1,25204,SCRIBA__-VOLNEY___345_21,1.95
07/12/2024 04:15:00,EDT,SPRNBRK  345 EGRDNCTR 345 1,25105,NEPTUNE HVDC TIE LINE,7.47
07/12/2024 04:20:00,EDT,SCRIBA   345 VOLNEY   345 1,25204,SCRIBA__-VOLNEY___345_21,20.57
07/12/2024 04:20:00,EDT,SPRNBRK  345 EGRDNCTR 345 1,25105,NEPTUNE HVDC TIE LINE,7.51
07/12/2024 04:25:00,EDT,SCRIBA   345 VOLNEY   345 1,25204,SCRIBA__-VOLNEY___345_21,1.53
07/12/2024 04:25:00,EDT,SPRNBRK  345 EGRDNCTR 345 1,25105,NEPTUNE HVDC TIE LINE,8.73
07/12/2024 04:30:00,EDT,SPRNBRK  345 EGRDNCTR 345 1,25105,NEPTUNE HVDC TIE LINE,10.35
07/12/2024 04:35:00,EDT,SPRNBRK  345 EGRDNCTR 345 1,25105,NEPTUNE HVDC TIE LINE,10.29
07/12/2024 04:40:00,EDT,SPRNBRK  345 EGRDNCTR 345 1,25105,NEPTUNE HVDC TIE LINE,10.15
07/12/2024 04:45:00,EDT,SPRNBRK  345 EGRDNCTR 345 1,25105,NEPTUNE HVDC TIE LINE,10.12
07/12/2024 04:50:00,EDT,SPRNBRK  345 EGRDNCTR 345 1,25105,NEPTUNE HVDC TIE LINE,10.15
07/12/2024 04:55:00,EDT,SPRNBRK  345 EGRDNCTR 345 1,25105,NEPTUNE HVDC TIE LINE,11.22
07/12/2024 05:00:00,EDT,SCRIBA   345 VOLNEY   345 1,25204,SCRIBA__-VOLNEY___345_21,7.66
07/12/2024 05:05:00,EDT,SCRIBA   345 VOLNEY   345 1,25204,SCRIBA__-VOLNEY___345_21,7.73
07/12/2024 05:10:00,EDT,ALCOA    115 ALCOA_PA 115 1,25202, BASE CASE,0.14
07/12/2024 05:10:00,EDT,SCRIBA   345 VOLNEY   345 1,25204,SCRIBA__-VOLNEY___345_21,14.29
07/12/2024 05:15:00,EDT,ALCOA    115 ALCOA_PA 115 1,25202, BASE CASE,15.11
07/12/2024 05:15:00,EDT,SCRIBA   345 VOLNEY   345 1,25204,SCRIBA__-VOLNEY___345_21,14.6
07/12/2024 05:20:00,EDT,ALCOA    115 ALCOA_PA 115 1,25202, BASE CASE,15.11
07/12/2024 05:20:00,EDT,SCRIBA   345 VOLNEY   345 1,25204,SCRIBA__-VOLNEY___345_21,14.6
07/12/2024 05:25:00,EDT,ALCOA    115 ALCOA_PA 115 1,25202, BASE CASE,15.11
07/12/2024 05:25:00,EDT,SCRIBA   345 VOLNEY   345 1,25204,SCRIBA__-VOLNEY___345_21,14.6
07/12/2024 05:30:00,EDT,ALCOA    115 ALCOA_PA 115 1,25202, BASE CASE,0.14
07/12/2024 05:30:00,EDT,SCRIBA   345 VOLNEY   345 1,25204,SCRIBA__-VOLNEY___345_21,20.51
07/12/2024 05:35:00,EDT,ALCOA    115 ALCOA_PA 115 1,25202, BASE CASE,0.14
07/12/2024 05:35:00,EDT,SCRIBA   345 VOLNEY   345 1,25204,SCRIBA__-VOLNEY___345_21,20.58
07/12/2024 05:40:00,EDT,ALCOA    115 ALCOA_PA 115 1,25202, BASE CASE,0.14
07/12/2024 05:40:00,EDT,SCRIBA   345 VOLNEY   345 1,25204,SCRIBA__-VOLNEY___345_21,28.07
07/12/2024 05:45:00,EDT,ALCOA    115 ALCOA_PA 115 1,25202, BASE CASE,0.14
07/12/2024 05:45:00,EDT,SCRIBA   345 VOLNEY   345 1,25204,SCRIBA__-VOLNEY___345_21,27.8
07/12/2024 05:50:00,EDT,ALCOA    115 ALCOA_PA 115 1,25202, BASE CASE,0.14
07/12/2024 05:50:00,EDT,SCRIBA   345 VOLNEY   345 1,25204,SCRIBA__-VOLNEY___345_21,28.3
07/12/2024 05:55:00,EDT,ALCOA    115 ALCOA_PA 115 1,25202, BASE CASE,0.14
07/12/2024 05:55:00,EDT,SCRIBA   345 VOLNEY   345 1,25204,SCRIBA__-VOLNEY___345_21,36.89
07/12/2024 06:00:00,EDT,ALCOA    115 ALCOA_PA 115 1,25202, BASE CASE,0.14
07/12/2024 06:05:00,EDT,ALCOA    115 ALCOA_PA 115 1,25202, BASE CASE,15.11
07/12/2024 06:05:00,EDT,SCRIBA   345 VOLNEY   345 1,25204,SCRIBA__-VOLNEY___345_21,6.96
07/12/2024 06:10:00,EDT,ALCOA    115 ALCOA_PA 115 1,25202, BASE CASE,15.11
07/12/2024 06:10:00,EDT,SCRIBA   345 VOLNEY   345 1,25204,SCRIBA__-VOLNEY___345_21,14.37
07/12/2024 06:15:00,EDT,ALCOA    115 ALCOA_PA 115 1,25202, BASE CASE,0.14
07/12/2024 06:15:00,EDT,SCRIBA   345 VOLNEY   345 1,25204,SCRIBA__-VOLNEY___345_21,16.64
07/12/2024 06:20:00,EDT,ALCOA    115 ALCOA_PA 115 1,25202, BASE CASE,0.14
07/12/2024 06:20:00,EDT,SCRIBA   345 VOLNEY   345 1,25204,SCRIBA__-VOLNEY___345_21,20.18
07/12/2024 06:25:00,EDT,SCRIBA   345 VOLNEY   345 1,25204,SCRIBA__-VOLNEY___345_21,21.73
07/12/2024 06:30:00,EDT,SCRIBA   345 VOLNEY   345 1,25204,SCRIBA__-VOLNEY___345_21,22.07
07/12/2024 06:35:00,EDT,SCRIBA   345 VOLNEY   345 1,25204,SCRIBA__-VOLNEY___345_21,27.9
07/12/2024 06:40:00,EDT,SCRIBA   345 VOLNEY   345 1,25204,SCRIBA__-VOLNEY___345_21,27.99
07/12/2024 06:45:00,EDT,SCRIBA   345 VOLNEY   345 1,25204,SCRIBA__-VOLNEY___345_21,48.71
07/12/2024 06:50:00,EDT,GOETHALS 345 GOWANUS  345 1,25139, BASE CASE,0.02
07/12/2024 06:50:00,EDT,SCRIBA   345 VOLNEY   345 1,25204,SCRIBA__-VOLNEY___345_21,57.6
07/12/2024 06:55:00,EDT,GOETHALS 345 GOWANUS  345 1,25139, BASE CASE,0.02
07/12/2024 06:55:00,EDT,SCRIBA   345 VOLNEY   345 1,25204,SCRIBA__-VOLNEY___345_21,57.52
07/12/2024 07:00:00,EDT,SCRIBA   345 VOLNEY   345 1,25204,SCRIBA__-VOLNEY___345_21,27.8
07/12/2024 07:05:00,EDT,SCRIBA   345 VOLNEY   345 1,25204,SCRIBA__-VOLNEY___345_21,41.17
07/12/2024 07:10:00,EDT,EGRDNCTY 345 EGRDNCTY 138 1,25551,NEPTUNE HVDC TIE LINE,1.7
07/12/2024 07:10:00,EDT,SCRIBA   345 VOLNEY   345 1,25204,SCRIBA__-VOLNEY___345_21,36.9
07/12/2024 07:15:00,EDT,GOETHALS 345 GOWANUS  345 1,25139, BASE CASE,0.02
07/12/2024 07:15:00,EDT,SCRIBA   345 VOLNEY   345 1,25204,SCRIBA__-VOLNEY___345_21,40.06
07/12/2024 07:15:00,EDT,SPRNBRK  345 EGRDNCTR 345 1,25105,NEPTUNE HVDC TIE LINE,0.86
07/12/2024 07:20:00,EDT,SCRIBA   345 VOLNEY   345 1,25204,SCRIBA__-VOLNEY___345_21,37.0
07/12/2024 07:20:00,EDT,SPRNBRK  345 EGRDNCTR 345 1,25105,NEPTUNE HVDC TIE LINE,1.89
07/12/2024 07:25:00,EDT,SCRIBA   345 VOLNEY   345 1,25204,SCRIBA__-VOLNEY___345_21,39.14
07/12/2024 07:25:00,EDT,SPRNBRK  345 EGRDNCTR 345 1,25105,NEPTUNE HVDC TIE LINE,0.86
07/12/2024 07:30:00,EDT,SCRIBA   345 VOLNEY   345 1,25204,SCRIBA__-VOLNEY___345_21,37.1
07/12/2024 07:30:00,EDT,SPRNBRK  345 EGRDNCTR 345 1,25105,NEPTUNE HVDC TIE LINE,1.58
07/12/2024 07:35:00,EDT,SCRIBA   345 VOLNEY   345 1,25204,SCRIBA__-VOLNEY___345_21,26.54
07/12/2024 07:35:00,EDT,SPRNBRK  345 EGRDNCTR 345 1,25105,NEPTUNE HVDC TIE LINE,5.7
07/12/2024 07:40:00,EDT,SCRIBA   345 VOLNEY   345 1,25204,SCRIBA__-VOLNEY___345_21,37.3
07/12/2024 07:40:00,EDT,SPRNBRK  345 EGRDNCTR 345 1,25105,NEPTUNE HVDC TIE LINE,1.53
07/12/2024 07:45:00,EDT,SCRIBA   345 VOLNEY   345 1,25204,SCRIBA__-VOLNEY___345_21,37.0
07/12/2024 07:50:00,EDT,ALCOA    115 ALCOA_PA 115 1,25202, BASE CASE,0.14
07/12/2024 07:50:00,EDT,SCRIBA   345 VOLNEY   345 1,25204,SCRIBA__-VOLNEY___345_21,40.25
07/12/2024 07:55:00,EDT,ALCOA    115 ALCOA_PA 115 1,25202, BASE CASE,0.14
07/12/2024 07:55:00,EDT,SCRIBA   345 VOLNEY   345 1,25204,SCRIBA__-VOLNEY___345_21,40.35
07/12/2024 08:00:00,EDT,SCRIBA   345 VOLNEY   345 1,25204,SCRIBA__-VOLNEY___345_21,10.48
07/12/2024 08:05:00,EDT,SCRIBA   345 VOLNEY   345 1,25204,SCRIBA__-VOLNEY___345_21,10.4
07/12/2024 08:10:00,EDT,SCRIBA   345 VOLNEY   345 1,25204,SCRIBA__-VOLNEY___345_21,25.67
07/12/2024 08:15:00,EDT,SCRIBA   345 VOLNEY   345 1,25204,SCRIBA__-VOLNEY___345_21,9.34
07/12/2024 08:20:00,EDT,SCRIBA   345 VOLNEY   345 1,25204,SCRIBA__-VOLNEY___345_21,5.75
07/12/2024 08:25:00,EDT,SCRIBA   345 VOLNEY   345 1,25204,SCRIBA__-VOLNEY___345_21,9.12
07/12/2024 08:30:00,EDT,SCRIBA   345 VOLNEY   345 1,25204,SCRIBA__-VOLNEY___345_21,8.93
07/12/2024 08:35:00,EDT,SCRIBA   345 VOLNEY   345 1,25204,SCRIBA__-VOLNEY___345_21,10.56
07/12/2024 08:40:00,EDT,SCRIBA   345 VOLNEY   345 1,25204,SCRIBA__-VOLNEY___345_21,10.8
07/12/2024 08:45:00,EDT,SCRIBA   345 VOLNEY   345 1,25204,SCRIBA__-VOLNEY___345_21,27.12
07/12/2024 08:50:00,EDT,SCRIBA   345 VOLNEY   345 1,25204,SCRIBA__-VOLNEY___345_21,27.21
07/12/2024 08:55:00,EDT,GOETHALS 345 GOWANUS  345 1,25139, BASE CASE,0.02
07/12/2024 08:55:00,EDT,SCRIBA   345 VOLNEY   345 1,25204,SCRIBA__-VOLNEY___345_21,27.63
07/12/2024 09:00:00,EDT,SCRIBA   345 VOLNEY   345 1,25204,SCRIBA__-VOLNEY___345_21,11.08
07/12/2024 09:05:00,EDT,SCRIBA   345 VOLNEY   345 1,25204,SCRIBA__-VOLNEY___345_21,7.56
07/12/2024 09:10:00,EDT,SCRIBA   345 VOLNEY   345 1,25204,SCRIBA__-VOLNEY___345_21,10.84
07/12/2024 09:15:00,EDT,SCRIBA   345 VOLNEY   345 1,25204,SCRIBA__-VOLNEY___345_21,8.0
07/12/2024 09:20:00,EDT,SCRIBA   345 VOLNEY   345 1,25204,SCRIBA__-VOLNEY___345_21,7.9
07/12/2024 09:25:00,EDT,SCRIBA   345 VOLNEY   345 1,25204,SCRIBA__-VOLNEY___345_21,10.82
07/12/2024 09:30:00,EDT,SCRIBA   345 VOLNEY   345 1,25204,SCRIBA__-VOLNEY___345_21,7.22
07/12/2024 09:35:00,EDT,SCRIBA   345 VOLNEY   345 1,25204,SCRIBA__-VOLNEY___345_21,7.29
07/12/2024 09:40:00,EDT,SCRIBA   345 VOLNEY   345 1,25204,SCRIBA__-VOLNEY___345_21,10.68
07/12/2024 09:45:00,EDT,SCRIBA   345 VOLNEY   345 1,25204,SCRIBA__-VOLNEY___345_21,8.07
07/12/2024 09:50:00,EDT,SCRIBA   345 VOLNEY   345 1,25204,SCRIBA__-VOLNEY___345_21,10.92
07/12/2024 09:55:00,EDT,SCRIBA   345 VOLNEY   345 1,25204,SCRIBA__-VOLNEY___345_21,27.74
07/12/2024 10:00:00,EDT,EGRDNCTY 345 EGRDNCTY 138 1,25551,NEPTUNE HVDC TIE LINE,0.57
07/12/2024 10:00:00,EDT,SCRIBA   345 VOLNEY   345 1,25204,SCRIBA__-VOLNEY___345_21,24.84
07/12/2024 10:05:00,EDT,EGRDNCTY 345 EGRDNCTY 138 1,25551,NEPTUNE HVDC TIE LINE,0.07
07/12/2024 10:05:00,EDT,SCRIBA   345 VOLNEY   345 1,25204,SCRIBA__-VOLNEY___345_21,26.86
07/12/2024 10:10:00,EDT,ELWOOD    69 PULASKLI  69 1,26610,TWR:HOLBROOK 880 & 882,4.67
07/12/2024 10:10:00,EDT,PILGRIM  138 PILGRIM  138 1,25604,TWR:HOLBROOK 880 & 882,-1.32
07/12/2024 10:10:00,EDT,SCRIBA   345 VOLNEY   345 1,25204,SCRIBA__-VOLNEY___345_21,27.72
07/12/2024 10:15:00,EDT,ELWOOD    69 PULASKLI  69 1,26610,TWR:HOLBROOK 880 & 882,200.0
07/12/2024 10:15:00,EDT,NRTHPORT 138 PILGRIM  138 2,25308,BUS:NPRT 672&NNC&601&602&603,2.15
07/12/2024 10:15:00,EDT,PILGRIM  138 PILGRIM  138 1,25604,TWR:HOLBROOK 880 & 882,-56.13
07/12/2024 10:15:00,EDT,SCRIBA   345 VOLNEY   345 1,25204,SCRIBA__-VOLNEY___345_21,27.82
07/12/2024 10:20:00,EDT,ELWOOD    69 PULASKLI  69 1,26610,TWR:HOLBROOK 880 & 882,6.02
07/12/2024 10:20:00,EDT,PILGRIM  138 PILGRIM  138 1,25604,TWR:HOLBROOK 880 & 882,-1.67
07/12/2024 10:20:00,EDT,SCRIBA   345 VOLNEY   345 1,25204,SCRIBA__-VOLNEY___345_21,26.86
07/12/2024 10:25:00,EDT,ELWOOD    69 PULASKLI  69 1,26610,TWR:HOLBROOK 880 & 882,24.28
07/12/2024 10:25:00,EDT,PILGRIM  138 PILGRIM  138 1,25604,TWR:HOLBROOK 880 & 882,-6.8
07/12/2024 10:25:00,EDT,SCRIBA   345 VOLNEY   345 1,25204,SCRIBA__-VOLNEY___345_21,27.91
07/12/2024 10:30:00,EDT,ALCOA    115 ALCOA_PA 115 1,25202, BASE CASE,0.14
07/12/2024 10:30:00,EDT,ELWOOD    69 PULASKLI  69 1,26610,TWR:HOLBROOK 880 & 882,200.0
07/12/2024 10:30:00,EDT,NRTHPORT 138 PILGRIM  138 3,25309,NRTHPORT-PILGRIM__138_677,10.63
07/12/2024 10:30:00,EDT,PILGRIM  138 PILGRIM  138 1,25604,TWR:HOLBROOK 880 & 882,-56.1
07/12/2024 10:30:00,EDT,SCRIBA   345 VOLNEY   345 1,25204,SCRIBA__-VOLNEY___345_21,20.12
07/12/2024 10:30:00,EDT,SPRNBRK  345 EGRDNCTR 345 1,25105,NEPTUNE HVDC TIE LINE,7.84
07/12/2024 10:35:00,EDT,ELWOOD    69 PULASKLI  69 1,26610,TWR:HOLBROOK 880 & 882,319.12
07/12/2024 10:35:00,EDT,NRTHPORT 138 PILGRIM  138 3,25309,NRTHPORT-PILGRIM__138_677,9.6
07/12/2024 10:35:00,EDT,PILGRIM  138 PILGRIM  138 1,25604,TWR:HOLBROOK 880 & 882,-89.53
07/12/2024 10:35:00,EDT,SCRIBA   345 VOLNEY   345 1,25204,SCRIBA__-VOLNEY___345_21,23.58
07/12/2024 10:35:00,EDT,SPRNBRK  345 EGRDNCTR 345 1,25105,NEPTUNE HVDC TIE LINE,9.7
07/12/2024 10:40:00,EDT,ELWOOD    69 PULASKLI  69 1,26610,TWR:HOLBROOK 880 & 882,200.0
07/12/2024 10:40:00,EDT,NRTHPORT 138 PILGRIM  138 2,25308,BUS:NPRT 672&NNC&601&602&603,5.55
07/12/2024 10:40:00,EDT,NRTHPORT 138 PILGRIM  138 3,25309,NRTHPORT-PILGRIM__138_677,2.36
07/12/2024 10:40:00,EDT,PILGRIM  138 PILGRIM  138 1,25604,TWR:HOLBROOK 880 & 882,-56.13
07/12/2024 10:40:00,EDT,SCRIBA   345 VOLNEY   345 1,25204,SCRIBA__-VOLNEY___345_21,25.5
07/12/2024 10:40:00,EDT,SPRNBRK  345 EGRDNCTR 345 1,25105,NEPTUNE HVDC TIE LINE,5.69
07/12/2024 10:45:00,EDT,ELWOOD    69 PULASKLI  69 1,26610,TWR:HOLBROOK 880 & 882,319.5
07/12/2024 10:45:00,EDT,NRTHPORT 138 PILGRIM  138 2,25308,BUS:NPRT 672&NNC&601&602&603,5.55
07/12/2024 10:45:00,EDT,NRTHPORT 138 PILGRIM  138 3,25309,NRTHPORT-PILGRIM__138_677,8.76
07/12/2024 10:45:00,EDT,PILGRIM  138 PILGRIM  138 1,25604,TWR:HOLBROOK 880 & 882,-89.66
07/12/2024 10:45:00,EDT,SCRIBA   345 VOLNEY   345 1,25204,SCRIBA__-VOLNEY___345_21,25.41
07/12/2024 10:45:00,EDT,SPRNBRK  345 EGRDNCTR 345 1,25105,NEPTUNE HVDC TIE LINE,8.91
07/12/2024 10:50:00,EDT,ALCOA    115 ALCOA_PA 115 1,25202, BASE CASE,0.14
07/12/2024 10:50:00,EDT,ELWOOD    69 PULASKLI  69 1,26610,TWR:HOLBROOK 880 & 882,319.5
07/12/2024 10:50:00,EDT,NRTHPORT 138 PILGRIM  138 2,25308,BUS:NPRT 672&NNC&601&602&603,5.55
07/12/2024 10:50:00,EDT,NRTHPORT 138 PILGRIM  138 3,25309,NRTHPORT-PILGRIM__138_677,8.76
07/12/2024 10:50:00,EDT,PILGRIM  138 PILGRIM  138 1,25604,TWR:HOLBROOK 880 & 882,-89.66
07/12/2024 10:50:00,EDT,SCRIBA   345 VOLNEY   345 1,25204,SCRIBA__-VOLNEY___345_21,25.41
07/12/2024 10:50:00,EDT,SPRNBRK  345 EGRDNCTR 345 1,25105,NEPTUNE HVDC TIE LINE,8.91
07/12/2024 10:55:00,EDT,ALCOA    115 ALCOA_PA 115 1,25202, BASE CASE,0.14
07/12/2024 10:55:00,EDT,ELWOOD    69 PULASKLI  69 1,26610,TWR:HOLBROOK 880 & 882,318.74
07/12/2024 10:55:00,EDT,NRTHPORT 138 PILGRIM  138 2,25308,BUS:NPRT 672&NNC&601&602&603,5.55
07/12/2024 10:55:00,EDT,NRTHPORT 138 PILGRIM  138 3,25309,NRTHPORT-PILGRIM__138_677,9.1
07/12/2024 10:55:00,EDT,PILGRIM  138 PILGRIM  138 1,25604,TWR:HOLBROOK 880 & 882,-89.45
07/12/2024 10:55:00,EDT,SCRIBA   345 VOLNEY   345 1,25204,SCRIBA__-VOLNEY___345_21,26.51
07/12/2024 10:55:00,EDT,SPRNBRK  345 EGRDNCTR 345 1,25105,NEPTUNE HVDC TIE LINE,8.72
07/12/2024 11:00:00,EDT,ELWOOD    69 PULASKLI  69 1,26610,TWR:HOLBROOK 880 & 882,320.27
07/12/2024 11:00:00,EDT,HAUPPAUG 138 PILGRIM  138 1,25550,TWR:HOLBROOK 880 & 882,-89.88
07/12/2024 11:00:00,EDT,NRTHPORT 138 PILGRIM  138 2,25308,BUS:NPRT 672&NNC&601&602&603,0.08
07/12/2024 11:00:00,EDT,NRTHPORT 138 PILGRIM  138 3,25309,NRTHPORT-PILGRIM__138_677,16.27
07/12/2024 11:00:00,EDT,SCRIBA   345 VOLNEY   345 1,25204,SCRIBA__-VOLNEY___345_21,26.56
07/12/2024 11:00:00,EDT,SPRNBRK  345 EGRDNCTR 345 1,25105,NEPTUNE HVDC TIE LINE,8.33
07/12/2024 11:05:00,EDT,ELWOOD    69 PULASKLI  69 1,26610,TWR:HOLBROOK 880 & 882,319.78
07/12/2024 11:05:00,EDT,HAUPPAUG 138 PILGRIM  138 1,25550,TWR:HOLBROOK 880 & 882,-89.74
07/12/2024 11:05:00,EDT,NRTHPORT 138 PILGRIM  138 3,25309,NRTHPORT-PILGRIM__138_677,17.02
07/12/2024 11:05:00,EDT,SCRIBA   345 VOLNEY   345 1,25204,SCRIBA__-VOLNEY___345_21,26.78
07/12/2024 11:05:00,EDT,SPRNBRK  345 EGRDNCTR 345 1,25105,NEPTUNE HVDC TIE LINE,8.48
07/12/2024 11:10:00,EDT,BRENTWOD  69 PILGRIM   69 3,26534,BRENTWOD-PILGRIM_765,-200.0
07/12/2024 11:10:00,EDT,ELWOOD    69 PULASKLI  69 1,26610,TWR:HOLBROOK 880 & 882,373.37
07/12/2024 11:10:00,EDT,HAUPPAUG 138 PILGRIM  138 1,25550,TWR:HOLBROOK 880 & 882,-128.02
07/12/2024 11:10:00,EDT,NRTHPORT 138 PILGRIM  138 3,25309,NRTHPORT-PILGRIM__138_677,11.72
07/12/2024 11:10:00,EDT,SCRIBA   345 VOLNEY   345 1,25204,SCRIBA__-VOLNEY___345_21,26.88
07/12/2024 11:10:00,EDT,SPRNBRK  345 EGRDNCTR 345 1,25105,NEPTUNE HVDC TIE LINE,9.01
07/12/2024 11:15:00,EDT,ALCOA    115 ALCOA_PA 115 1,25202, BASE CASE,0.14
07/12/2024 11:15:00,EDT,ELWOOD    69 PULASKLI  69 1,26610,TWR:HOLBROOK 880 & 882,71.06
07/12/2024 11:15:00,EDT,HAUPPAUG 138 PILGRIM  138 1,25550,TWR:HOLBROOK 880 & 882,-19.95
07/12/2024 11:15:00,EDT,NRTHPORT 138 PILGRIM  138 3,25309,NRTHPORT-PILGRIM__138_677,3.55
07/12/2024 11:15:00,EDT,SCRIBA   345 VOLNEY   345 1,25204,SCRIBA__-VOLNEY___345_21,27.26
07/12/2024 11:15:00,EDT,SPRNBRK  345 EGRDNCTR 345 1,25105,NEPTUNE HVDC TIE LINE,1.61
07/12/2024 11:20:00,EDT,ALCOA    115 ALCOA_PA 115 1,25202, BASE CASE,15.11
07/12/2024 11:20:00,EDT,ELWOOD    69 PULASKLI  69 1,26610,TWR:HOLBROOK 880 & 882,71.3
07/12/2024 11:20:00,EDT,HAUPPAUG 138 PILGRIM  138 1,25550,TWR:HOLBROOK 880 & 882,-20.02
07/12/2024 11:20:00,EDT,NRTHPORT 138 PILGRIM  138 3,25309,NRTHPORT-PILGRIM__138_677,3.31
07/12/2024 11:20:00,EDT,SCRIBA   345 VOLNEY   345 1,25204,SCRIBA__-VOLNEY___345_21,27.26
07/12/2024 11:20:00,EDT,SPRNBRK  345 EGRDNCTR 345 1,25105,NEPTUNE HVDC TIE LINE,1.62
07/12/2024 11:25:00,EDT,ALCOA    115 ALCOA_PA 115 1,25202, BASE CASE,15.11
07/12/2024 11:25:00,EDT,ELWOOD    69 PULASKLI  69 1,26610,TWR:HOLBROOK 880 & 882,71.17
07/12/2024 11:25:00,EDT,HAUPPAUG 138 PILGRIM  138 1,25550,TWR:HOLBROOK 880 & 882,-19.95
07/12/2024 11:25:00,EDT,NRTHPORT 138 PILGRIM  138 3,25309,NRTHPORT-PILGRIM__138_677,3.36
07/12/2024 11:25:00,EDT,SCRIBA   345 VOLNEY   345 1,25204,SCRIBA__-VOLNEY___345_21,27.07
07/12/2024 11:25:00,EDT,SPRNBRK  345 EGRDNCTR 345 1,25105,NEPTUNE HVDC TIE LINE,1.81
07/12/2024 11:30:00,EDT,ALCOA    115 ALCOA_PA 115 1,25202, BASE CASE,0.14
07/12/2024 11:30:00,EDT,ELWOOD    69 PULASKLI  69 1,26610,TWR:HOLBROOK 880 & 882,12.29
07/12/2024 11:30:00,EDT,HAUPPAUG 138 PILGRIM  138 1,25550,TWR:HOLBROOK 880 & 882,-3.43
07/12/2024 11:30:00,EDT,NRTHPORT 138 PILGRIM  138 3,25309,NRTHPORT-PILGRIM__138_677,0.16
07/12/2024 11:30:00,EDT,SCRIBA   345 VOLNEY   345 1,25204,SCRIBA__-VOLNEY___345_21,27.26
07/12/2024 11:30:00,EDT,SPRNBRK  345 EGRDNCTR 345 1,25105,NEPTUNE HVDC TIE LINE,0.1
07/12/2024 11:35:00,EDT,ALCOA    115 ALCOA_PA 115 1,25202, BASE CASE,0.14
07/12/2024 11:35:00,EDT,ELWOOD    69 PULASKLI  69 1,26610,TWR:HOLBROOK 880 & 882,6.33
07/12/2024 11:35:00,EDT,HAUPPAUG 138 PILGRIM  138 1,25550,TWR:HOLBROOK 880 & 882,-1.76
07/12/2024 11:35:00,EDT,NRTHPORT 138 PILGRIM  138 3,25309,NRTHPORT-PILGRIM__138_677,0.33
07/12/2024 11:35:00,EDT,SCRIBA   345 VOLNEY   345 1,25204,SCRIBA__-VOLNEY___345_21,31.93
07/12/2024 11:40:00,EDT,ALCOA    115 ALCOA_PA 115 1,25202, BASE CASE,0.14
07/12/2024 11:40:00,EDT,ELWOOD    69 PULASKLI  69 1,26610,TWR:HOLBROOK 880 & 882,11.12
07/12/2024 11:40:00,EDT,HAUPPAUG 138 PILGRIM  138 1,25550,TWR:HOLBROOK 880 & 882,-3.1
07/12/2024 11:40:00,EDT,NRTHPORT 138 PILGRIM  138 3,25309,NRTHPORT-PILGRIM__138_677,0.58
07/12/2024 11:40:00,EDT,SCRIBA   345 VOLNEY   345 1,25204,SCRIBA__-VOLNEY___345_21,28.61
07/12/2024 11:45:00,EDT,ALCOA    115 ALCOA_PA 115 1,25202, BASE CASE,200.0
07/12/2024 11:45:00,EDT,ELWOOD    69 PULASKLI  69 1,26610,TWR:HOLBROOK 880 & 882,16.41
07/12/2024 11:45:00,EDT,HAUPPAUG 138 PILGRIM  138 1,25550,TWR:HOLBROOK 880 & 882,-4.59
07/12/2024 11:45:00,EDT,NRTHPORT 138 PILGRIM  138 3,25309,NRTHPORT-PILGRIM__138_677,0.87
07/12/2024 11:45:00,EDT,SCRIBA   345 VOLNEY   345 1,25204,SCRIBA__-VOLNEY___345_21,28.69
07/12/2024 11:50:00,EDT,ALCOA    115 ALCOA_PA 115 1,25202, BASE CASE,200.0
07/12/2024 11:50:00,EDT,ELWOOD    69 PULASKLI  69 1,26610,TWR:HOLBROOK 880 & 882,12.19
07/12/2024 11:50:00,EDT,HAUPPAUG 138 PILGRIM  138 1,25550,TWR:HOLBROOK 880 & 882,-3.41
07/12/2024 11:50:00,EDT,NRTHPORT 138 PILGRIM  138 3,25309,NRTHPORT-PILGRIM__138_677,0.64
07/12/2024 11:50:00,EDT,SCRIBA   345 VOLNEY   345 1,25204,SCRIBA__-VOLNEY___345_21,29.0
07/12/2024 11:55:00,EDT,ALCOA    115 ALCOA_PA 115 1,25202, BASE CASE,200.0
07/12/2024 11:55:00,EDT,ELWOOD    69 PULASKLI  69 1,26610,TWR:HOLBROOK 880 & 882,22.76
07/12/2024 11:55:00,EDT,HAUPPAUG 138 PILGRIM  138 1,25550,TWR:HOLBROOK 880 & 882,-6.37
07/12/2024 11:55:00,EDT,NRTHPORT 138 PILGRIM  138 3,25309,NRTHPORT-PILGRIM__138_677,1.21
07/12/2024 11:55:00,EDT,SCRIBA   345 VOLNEY   345 1,25204,SCRIBA__-VOLNEY___345_21,29.78
07/12/2024 12:00:00,EDT,ALCOA    115 ALCOA_PA 115 1,25202, BASE CASE,15.11
07/12/2024 12:00:00,EDT,SCRIBA   345 VOLNEY   345 1,25204,SCRIBA__-VOLNEY___345_21,31.63
07/12/2024 12:05:00,EDT,SCRIBA   345 VOLNEY   345 1,25204,SCRIBA__-VOLNEY___345_21,32.81
07/12/2024 12:10:00,EDT,SCRIBA   345 VOLNEY   345 1,25204,SCRIBA__-VOLNEY___345_21,32.33
07/12/2024 12:15:00,EDT,SCRIBA   345 VOLNEY   345 1,25204,SCRIBA__-VOLNEY___345_21,37.29
07/12/2024 12:20:00,EDT,SCRIBA   345 VOLNEY   345 1,25204,SCRIBA__-VOLNEY___345_21,38.02
07/12/2024 12:25:00,EDT,SCRIBA   345 VOLNEY   345 1,25204,SCRIBA__-VOLNEY___345_21,37.06
07/12/2024 12:30:00,EDT,SCRIBA   345 VOLNEY   345 1,25204,SCRIBA__-VOLNEY___345_21,32.44
07/12/2024 12:35:00,EDT,SCRIBA   345 VOLNEY   345 1,25204,SCRIBA__-VOLNEY___345_21,32.44
07/12/2024 12:40:00,EDT,SCRIBA   345 VOLNEY   345 1,25204,SCRIBA__-VOLNEY___345_21,32.72
07/12/2024 12:45:00,EDT,SCRIBA   345 VOLNEY   345 1,25204,SCRIBA__-VOLNEY___345_21,36.73
07/12/2024 12:50:00,EDT,SCRIBA   345 VOLNEY   345 1,25204,SCRIBA__-VOLNEY___345_21,38.19
07/12/2024 12:55:00,EDT,SCRIBA   345 VOLNEY   345 1,25204,SCRIBA__-VOLNEY___345_21,38.59
07/12/2024 13:00:00,EDT,SCRIBA   345 VOLNEY   345 1,25204,SCRIBA__-VOLNEY___345_21,33.79
07/12/2024 13:05:00,EDT,ELWOOD    69 PULASKLI  69 1,26610,TWR:HOLBROOK 880 & 882,0.05
07/12/2024 13:05:00,EDT,SCRIBA   345 VOLNEY   345 1,25204,SCRIBA__-VOLNEY___345_21,37.63
07/12/2024 13:10:00,EDT,ALCOA    115 ALCOA_PA 115 1,25202, BASE CASE,200.0
07/12/2024 13:10:00,EDT,ELWOOD    69 PULASKLI  69 1,26610,TWR:HOLBROOK 880 & 882,0.05
07/12/2024 13:10:00,EDT,GREENWD  138 VERNON   138 1,25337, BASE CASE,-0.02
07/12/2024 13:15:00,EDT,ALCOA    115 ALCOA_PA 115 1,25202, BASE CASE,15.11
07/12/2024 13:15:00,EDT,ELWOOD    69 PULASKLI  69 1,26610,TWR:HOLBROOK 880 & 882,0.05
07/12/2024 13:15:00,EDT,GREENWD  138 VERNON   138 1,25337, BASE CASE,-0.02
07/12/2024 13:20:00,EDT,ALCOA    115 ALCOA_PA 115 1,25202, BASE CASE,0.14
07/12/2024 13:20:00,EDT,GREENWD  138 VERNON   138 1,25337, BASE CASE,-0.02
07/12/2024 13:25:00,EDT,ALCOA    115 ALCOA_PA 115 1,25202, BASE CASE,0.14
07/12/2024 13:25:00,EDT,GREENWD  138 VERNON   138 1,25337, BASE CASE,-0.02
07/12/2024 13:30:00,EDT,ALCOA    115 ALCOA_PA 115 1,25202, BASE CASE,200.0
07/12/2024 13:30:00,EDT,GREENWD  138 VERNON   138 1,25337, BASE CASE,-0.02
07/12/2024 13:35:00,EDT,ALCOA    115 ALCOA_PA 115 1,25202, BASE CASE,200.0
07/12/2024 13:40:00,EDT,GREENWD  138 VERNON   138 1,25337, BASE CASE,-0.02
07/12/2024 13:45:00,EDT,GREENWD  138 VERNON   138 1,25337, BASE CASE,-0.02
07/12/2024 13:50:00,EDT,GREENWD  138 VERNON   138 1,25337, BASE CASE,-0.02
07/12/2024 13:55:00,EDT,GREENWD  138 VERNON   138 1,25337, BASE CASE,-0.02
07/12/2024 14:05:00,EDT,SCRIBA   345 VOLNEY   345 1,25204,SCRIBA__-VOLNEY___345_21,40.36
07/12/2024 14:10:00,EDT,SCRIBA   345 VOLNEY   345 1,25204,SCRIBA__-VOLNEY___345_21,40.58
07/12/2024 14:15:00,EDT,SCRIBA   345 VOLNEY   345 1,25204,SCRIBA__-VOLNEY___345_21,40.75
07/12/2024 14:20:00,EDT,ELWOOD   138 NRTHPORT 138 1,25543,NRTHPORT-ELWOOD___138_681,-1.14
07/12/2024 14:20:00,EDT,FRESHKLS 138 WILLWBRK 138 1,25319, BASE CASE,1.72
07/12/2024 14:20:00,EDT,NRTHPORT 138 PILGRIM  138 2,25308,BUS:NPRT 672&NNC&601&602&603,1.16
07/12/2024 14:20:00,EDT,SCRIBA   345 VOLNEY   345 1,25204,SCRIBA__-VOLNEY___345_21,46.74
07/12/2024 14:25:00,EDT,ELWOOD   138 NRTHPORT 138 1,25543,NRTHPORT-ELWOOD___138_681,-1.22
07/12/2024 14:25:00,EDT,FRESHKLS 138 WILLWBRK 138 1,25319, BASE CASE,1.76
07/12/2024 14:25:00,EDT,NRTHPORT 138 PILGRIM  138 2,25308,BUS:NPRT 672&NNC&601&602&603,1.24
07/12/2024 14:25:00,EDT,SCRIBA   345 VOLNEY   345 1,25204,SCRIBA__-VOLNEY___345_21,46.74
07/12/2024 14:30:00,EDT,ELWOOD   138 NRTHPORT 138 1,25543,NRTHPORT-ELWOOD___138_681,-1.42
07/12/2024 14:30:00,EDT,FRESHKLS 138 WILLWBRK 138 1,25319, BASE CASE,1.88
07/12/2024 14:30:00,EDT,NRTHPORT 138 PILGRIM  138 2,25308,BUS:NPRT 672&NNC&601&602&603,1.45
07/12/2024 14:30:00,EDT,SCRIBA   345 VOLNEY   345 1,25204,SCRIBA__-VOLNEY___345_21,46.95
07/12/2024 14:35:00,EDT,ELWOOD   138 NRTHPORT 138 1,25543,NRTHPORT-ELWOOD___138_681,-1.58
07/12/2024 14:35:00,EDT,FRESHKLS 138 WILLWBRK 138 1,25319, BASE CASE,0.02
07/12/2024 14:35:00,EDT,NRTHPORT 138 PILGRIM  138 2,25308,BUS:NPRT 672&NNC&601&602&603,1.62
07/12/2024 14:35:00,EDT,SCRIBA   345 VOLNEY   345 1,25204,SCRIBA__-VOLNEY___345_21,47.06
07/12/2024 14:40:00,EDT,ELWOOD   138 NRTHPORT 138 1,25543,NRTHPORT-ELWOOD___138_681,-4.67
07/12/2024 14:40:00,EDT,FARRAGUT 345 GOWANUS  345 2,25140,SCB:GOWANUS(2):41&42231&R4,-3.24
07/12/2024 14:40:00,EDT,FRESHKLS 138 WILLWBRK 138 1,25319, BASE CASE,3.21
07/12/2024 14:40:00,EDT,NRTHPORT 138 PILGRIM  138 2,25308,BUS:NPRT 672&NNC&601&602&603,4.78
07/12/2024 14:40:00,EDT,SCRIBA   345 VOLNEY   345 1,25204,SCRIBA__-VOLNEY___345_21,55.13
07/12/2024 14:45:00,EDT,ELWOOD   138 NRTHPORT 138 1,25543,NRTHPORT-ELWOOD___138_681,-1.75
07/12/2024 14:45:00,EDT,FARRAGUT 345 GOWANUS  345 2,25140,SCB:GOWANUS(2):41&42231&R4,-0.29
07/12/2024 14:45:00,EDT,FRESHKLS 138 WILLWBRK 138 1,25319, BASE CASE,0.3
07/12/2024 14:45:00,EDT,GOWANUS  138 GREENWD  138 1,25215, BASE CASE,0.29
07/12/2024 14:45:00,EDT,NRTHPORT 138 PILGRIM  138 2,25308,BUS:NPRT 672&NNC&601&602&603,1.79
07/12/2024 14:45:00,EDT,SCRIBA   345 VOLNEY   345 1,25204,SCRIBA__-VOLNEY___345_21,47.39
07/12/2024 14:50:00,EDT,ELWOOD   138 NRTHPORT 138 1,25543,NRTHPORT-ELWOOD___138_681,-5.64
07/12/2024 14:50:00,EDT,FARRAGUT 345 GOWANUS  345 2,25140,SCB:GOWANUS(2):41&42231&R4,-4.85
07/12/2024 14:50:00,EDT,FRESHKLS 138 WILLWBRK 138 1,25319, BASE CASE,4.8
07/12/2024 14:50:00,EDT,GOWANUS  138 GREENWD  138 1,25215, BASE CASE,4.8
07/12/2024 14:50:00,EDT,NRTHPORT 138 PILGRIM  138 2,25308,BUS:NPRT 672&NNC&601&602&603,5.78
07/12/2024 14:50:00,EDT,SCRIBA   345 VOLNEY   345 1,25204,SCRIBA__-VOLNEY___345_21,57.55
07/12/2024 14:55:00,EDT,ELWOOD   138 NRTHPORT 138 1,25543,NRTHPORT-ELWOOD___138_681,-4.44
07/12/2024 14:55:00,EDT,FARRAGUT 345 GOWANUS  345 2,25140,SCB:GOWANUS(2):41&42231&R4,-3.69
07/12/2024 14:55:00,EDT,FRESHKLS 138 WILLWBRK 138 1,25319, BASE CASE,3.65
07/12/2024 14:55:00,EDT,GOWANUS  138 GREENWD  138 1,25215, BASE CASE,3.65
07/12/2024 14:55:00,EDT,NRTHPORT 138 PILGRIM  138 2,25308,BUS:NPRT 672&NNC&601&602&603,4.55
07/12/2024 14:55:00,EDT,SCRIBA   345 VOLNEY   345 1,25204,SCRIBA__-VOLNEY___345_21,54.43
07/12/2024 15:00:00,EDT,ELWOOD   138 NRTHPORT 138 1,25543,NRTHPORT-ELWOOD___138_681,-5.23
07/12/2024 15:00:00,EDT,FRESHKLS 138 WILLWBRK 138 1,25319, BASE CASE,1.02
07/12/2024 15:00:00,EDT,NRTHPORT 138 PILGRIM  138 2,25308,BUS:NPRT 672&NNC&601&602&603,5.37
07/12/2024 15:00:00,EDT,SCRIBA   345 VOLNEY   345 1,25204,SCRIBA__-VOLNEY___345_21,46.74
07/12/2024 15:05:00,EDT,ELWOOD   138 NRTHPORT 138 1,25543,NRTHPORT-ELWOOD___138_681,-5.31
07/12/2024 15:05:00,EDT,FRESHKLS 138 WILLWBRK 138 1,25319, BASE CASE,0.3
07/12/2024 15:05:00,EDT,NRTHPORT 138 PILGRIM  138 2,25308,BUS:NPRT 672&NNC&601&602&603,5.46
07/12/2024 15:05:00,EDT,SCRIBA   345 VOLNEY   345 1,25204,SCRIBA__-VOLNEY___345_21,47.18
07/12/2024 15:10:00,EDT,ALCOA    115 ALCOA_PA 115 1,25202, BASE CASE,0.14
07/12/2024 15:10:00,EDT,ELWOOD   138 NRTHPORT 138 1,25543,NRTHPORT-ELWOOD___138_681,-5.23
07/12/2024 15:10:00,EDT,NRTHPORT 138 PILGRIM  138 2,25308,BUS:NPRT 672&NNC&601&602&603,5.36
07/12/2024 15:10:00,EDT,SCRIBA   345 VOLNEY   345 1,25204,SCRIBA__-VOLNEY___345_21,47.07
07/12/2024 15:15:00,EDT,ELWOOD   138 NRTHPORT 138 1,25543,NRTHPORT-ELWOOD___138_681,-3.93
07/12/2024 15:15:00,EDT,GOWANUS  138 GREENWD  138 1,25215, BASE CASE,0.02
07/12/2024 15:15:00,EDT,GREENWD  138 VERNON   138 1,25337, BASE CASE,-0.02
07/12/2024 15:15:00,EDT,NRTHPORT 138 PILGRIM  138 2,25308,BUS:NPRT 672&NNC&601&602&603,4.02
07/12/2024 15:15:00,EDT,SCRIBA   345 VOLNEY   345 1,25204,SCRIBA__-VOLNEY___345_21,43.53
07/12/2024 15:20:00,EDT,ELWOOD   138 NRTHPORT 138 1,25543,NRTHPORT-ELWOOD___138_681,-2.63
07/12/2024 15:20:00,EDT,NRTHPORT 138 PILGRIM  138 2,25308,BUS:NPRT 672&NNC&601&602&603,2.69
07/12/2024 15:20:00,EDT,SCRIBA   345 VOLNEY   345 1,25204,SCRIBA__-VOLNEY___345_21,40.22
07/12/2024 15:25:00,EDT,ELWOOD   138 NRTHPORT 138 1,25543,NRTHPORT-ELWOOD___138_681,-2.84
07/12/2024 15:25:00,EDT,GOWANUS  138 GREENWD  138 1,25215, BASE CASE,0.02
07/12/2024 15:25:00,EDT,GREENWD  138 VERNON   138 1,25337, BASE CASE,-0.02
07/12/2024 15:25:00,EDT,NRTHPORT 138 PILGRIM  138 2,25308,BUS:NPRT 672&NNC&601&602&603,2.91
07/12/2024 15:25:00,EDT,SCRIBA   345 VOLNEY   345 1,25204,SCRIBA__-VOLNEY___345_21,41.08
07/12/2024 15:30:00,EDT,ALCOA    115 ALCOA_PA 115 1,25202, BASE CASE,15.11
07/12/2024 15:30:00,EDT,ELWOOD   138 NRTHPORT 138 1,25543,NRTHPORT-ELWOOD___138_681,-5.06
07/12/2024 15:30:00,EDT,NRTHPORT 138 PILGRIM  138 2,25308,BUS:NPRT 672&NNC&601&602&603,5.19
07/12/2024 15:30:00,EDT,SCRIBA   345 VOLNEY   345 1,25204,SCRIBA__-VOLNEY___345_21,46.52
07/12/2024 15:35:00,EDT,ALCOA    115 ALCOA_PA 115 1,25202, BASE CASE,15.11
07/12/2024 15:35:00,EDT,ELWOOD   138 NRTHPORT 138 1,25543,NRTHPORT-ELWOOD___138_681,-10.74
07/12/2024 15:35:00,EDT,NRTHPORT 138 PILGRIM  138 2,25308,BUS:NPRT 672&NNC&601&602&603,11.01
07/12/2024 15:35:00,EDT,SCRIBA   345 VOLNEY   345 1,25204,SCRIBA__-VOLNEY___345_21,61.23
07/12/2024 15:40:00,EDT,ALCOA    115 ALCOA_PA 115 1,25202, BASE CASE,0.14
07/12/2024 15:40:00,EDT,ELWOOD    69 PULASKLI  69 1,26610,TWR:HOLBROOK 880 & 882,0.05
07/12/2024 15:40:00,EDT,ELWOOD   138 NRTHPORT 138 1,25543,NRTHPORT-ELWOOD___138_681,-10.46
07/12/2024 15:40:00,EDT,NRTHPORT 138 PILGRIM  138 2,25308,BUS:NPRT 672&NNC&601&602&603,10.73
07/12/2024 15:40:00,EDT,SCRIBA   345 VOLNEY   345 1,25204,SCRIBA__-VOLNEY___345_21,60.86
07/12/2024 15:45:00,EDT,ELWOOD   138 NRTHPORT 138 1,25543,NRTHPORT-ELWOOD___138_681,-10.32
07/12/2024 15:45:00,EDT,NRTHPORT 138 PILGRIM  138 2,25308,BUS:NPRT 672&NNC&601&602&603,10.58
07/12/2024 15:45:00,EDT,SCRIBA   345 VOLNEY   345 1,25204,SCRIBA__-VOLNEY___345_21,60.61
07/12/2024 15:50:00,EDT,ELWOOD   138 NRTHPORT 138 1,25543,NRTHPORT-ELWOOD___138_681,-10.42
07/12/2024 15:50:00,EDT,NRTHPORT 138 PILGRIM  138 2,25308,BUS:NPRT 672&NNC&601&602&603,10.68
07/12/2024 15:50:00,EDT,SCRIBA   345 VOLNEY   345 1,25204,SCRIBA__-VOLNEY___345_21,60.86
07/12/2024 15:55:00,EDT,ALCOA    115 ALCOA_PA 115 1,25202, BASE CASE,0.14
07/12/2024 15:55:00,EDT,ELWOOD   138 NRTHPORT 138 1,25543,NRTHPORT-ELWOOD___138_681,-10.42
07/12/2024 15:55:00,EDT,NRTHPORT 138 PILGRIM  138 2,25308,BUS:NPRT 672&NNC&601&602&603,10.68
07/12/2024 15:55:00,EDT,SCRIBA   345 VOLNEY   345 1,25204,SCRIBA__-VOLNEY___345_21,60.86
07/12/2024 16:00:00,EDT,ALCOA    115 ALCOA_PA 115 1,25202, BASE CASE,0.14
07/12/2024 16:00:00,EDT,ELWOOD   138 NRTHPORT 138 1,25543,NRTHPORT-ELWOOD___138_681,-3.98
07/12/2024 16:00:00,EDT,NRTHPORT 138 PILGRIM  138 2,25308,BUS:NPRT 672&NNC&601&602&603,4.07
07/12/2024 16:00:00,EDT,SCRIBA   345 VOLNEY   345 1,25204,SCRIBA__-VOLNEY___345_21,43.96
07/12/2024 16:05:00,EDT,ELWOOD   138 NRTHPORT 138 1,25543,NRTHPORT-ELWOOD___138_681,-3.94
07/12/2024 16:05:00,EDT,NRTHPORT 138 PILGRIM  138 2,25308,BUS:NPRT 672&NNC&601&602&603,4.03
07/12/2024 16:05:00,EDT,SCRIBA   345 VOLNEY   345 1,25204,SCRIBA__-VOLNEY___345_21,43.76
07/12/2024 16:10:00,EDT,ELWOOD   138 NRTHPORT 138 1,25543,NRTHPORT-ELWOOD___138_681,-4.29
07/12/2024 16:10:00,EDT,NRTHPORT 138 PILGRIM  138 2,25308,BUS:NPRT 672&NNC&601&602&603,4.39
07/12/2024 16:10:00,EDT,SCRIBA   345 VOLNEY   345 1,25204,SCRIBA__-VOLNEY___345_21,44.58
07/12/2024 16:15:00,EDT,ELWOOD   138 NRTHPORT 138 1,25543,NRTHPORT-ELWOOD___138_681,-4.25
07/12/2024 16:15:00,EDT,NRTHPORT 138 PILGRIM  138 2,25308,BUS:NPRT 672&NNC&601&602&603,4.35
07/12/2024 16:15:00,EDT,SCRIBA   345 VOLNEY   345 1,25204,SCRIBA__-VOLNEY___345_21,43.86
07/12/2024 16:20:00,EDT,ELWOOD   138 NRTHPORT 138 1,25543,NRTHPORT-ELWOOD___138_681,-2.19
07/12/2024 16:20:00,EDT,NRTHPORT 138 PILGRIM  138 2,25308,BUS:NPRT 672&NNC&601&602&603,2.24
07/12/2024 16:20:00,EDT,SCRIBA   345 VOLNEY   345 1,25204,SCRIBA__-VOLNEY___345_21,38.38
07/12/2024 16:25:00,EDT,ELWOOD   138 NRTHPORT 138 1,25543,NRTHPORT-ELWOOD___138_681,-3.18
07/12/2024 16:25:00,EDT,GREENWD  138 VERNON   138 1,25337, BASE CASE,-0.02
07/12/2024 16:25:00,EDT,NRTHPORT 138 PILGRIM  138 2,25308,BUS:NPRT 672&NNC&601&602&603,3.26
07/12/2024 16:25:00,EDT,SCRIBA   345 VOLNEY   345 1,25204,SCRIBA__-VOLNEY___345_21,41.09
07/12/2024 16:30:00,EDT,ELWOOD   138 NRTHPORT 138 1,25543,NRTHPORT-ELWOOD___138_681,-5.41
07/12/2024 16:30:00,EDT,NRTHPORT 138 PILGRIM  138 2,25308,BUS:NPRT 672&NNC&601&602&603,5.54
07/12/2024 16:30:00,EDT,SCRIBA   345 VOLNEY   345 1,25204,SCRIBA__-VOLNEY___345_21,46.6
07/12/2024 16:35:00,EDT,ELWOOD   138 NRTHPORT 138 1,25543,NRTHPORT-ELWOOD___138_681,-10.44
07/12/2024 16:35:00,EDT,NRTHPORT 138 PILGRIM  138 2,25308,BUS:NPRT 672&NNC&601&602&603,10.7
07/12/2024 16:35:00,EDT,SCRIBA   345 VOLNEY   345 1,25204,SCRIBA__-VOLNEY___345_21,59.74
07/12/2024 16:40:00,EDT,ELWOOD   138 NRTHPORT 138 1,25543,NRTHPORT-ELWOOD___138_681,-10.44
07/12/2024 16:40:00,EDT,NRTHPORT 138 PILGRIM  138 2,25308,BUS:NPRT 672&NNC&601&602&603,10.7
07/12/2024 16:40:00,EDT,SCRIBA   345 VOLNEY   345 1,25204,SCRIBA__-VOLNEY___345_21,60.22
07/12/2024 16:45:00,EDT,ELWOOD   138 NRTHPORT 138 1,25543,NRTHPORT-ELWOOD___138_681,-11.21
07/12/2024 16:45:00,EDT,NRTHPORT 138 PILGRIM  138 2,25308,BUS:NPRT 672&NNC&601&602&603,11.49
07/12/2024 16:45:00,EDT,SCRIBA   345 VOLNEY   345 1,25204,SCRIBA__-VOLNEY___345_21,61.86
07/12/2024 16:50:00,EDT,ELWOOD   138 NRTHPORT 138 1,25543,NRTHPORT-ELWOOD___138_681,-11.63
07/12/2024 16:50:00,EDT,NRTHPORT 138 PILGRIM  138 2,25308,BUS:NPRT 672&NNC&601&602&603,11.93
07/12/2024 16:50:00,EDT,SCRIBA   345 VOLNEY   345 1,25204,SCRIBA__-VOLNEY___345_21,62.49
07/12/2024 16:55:00,EDT,ELWOOD   138 NRTHPORT 138 1,25543,NRTHPORT-ELWOOD___138_681,-11.44
07/12/2024 16:55:00,EDT,NRTHPORT 138 PILGRIM  138 2,25308,BUS:NPRT 672&NNC&601&602&603,11.73
07/12/2024 16:55:00,EDT,SCRIBA   345 VOLNEY   345 1,25204,SCRIBA__-VOLNEY___345_21,62.11
07/12/2024 17:00:00,EDT,BARRETT  138 VALLYSTR 138 1,25312,VALLYSTR-BARRETT__138_292,14.31
07/12/2024 17:00:00,EDT,ELWOOD   138 NRTHPORT 138 1,25543,NRTHPORT-ELWOOD___138_681,-30.03
07/12/2024 17:00:00,EDT,NRTHPORT 138 PILGRIM  138 2,25308,BUS:NPRT 672&NNC&601&602&603,30.79
07/12/2024 17:00:00,EDT,SCRIBA   345 VOLNEY   345 1,25204,SCRIBA__-VOLNEY___345_21,55.72
07/12/2024 17:05:00,EDT,BARRETT  138 VALLYSTR 138 2,25313,VALLYSTR-BARRETT__138_291,15.67
07/12/2024 17:05:00,EDT,ELWOOD    69 PULASKLI  69 1,26610,TWR:HOLBROOK 880 & 882,0.05
07/12/2024 17:05:00,EDT,ELWOOD   138 NRTHPORT 138 1,25543,NRTHPORT-ELWOOD___138_681,-30.9
07/12/2024 17:05:00,EDT,NRTHPORT 138 PILGRIM  138 2,25308,BUS:NPRT 672&NNC&601&602&603,31.7
07/12/2024 17:05:00,EDT,SCRIBA   345 VOLNEY   345 1,25204,SCRIBA__-VOLNEY___345_21,60.7
07/12/2024 17:10:00,EDT,ELWOOD    69 PULASKLI  69 1,26610,TWR:HOLBROOK 880 & 882,0.05
07/12/2024 17:10:00,EDT,ELWOOD   138 NRTHPORT 138 1,25543,NRTHPORT-ELWOOD___138_681,-31.77
07/12/2024 17:10:00,EDT,NRTHPORT 138 PILGRIM  138 2,25308,BUS:NPRT 672&NNC&601&602&603,32.58
07/12/2024 17:10:00,EDT,SCRIBA   345 VOLNEY   345 1,25204,SCRIBA__-VOLNEY___345_21,62.14
07/12/2024 17:15:00,EDT,ELWOOD    69 PULASKLI  69 1,26610,TWR:HOLBROOK 880 & 882,0.05
07/12/2024 17:15:00,EDT,ELWOOD   138 NRTHPORT 138 1,25543,NRTHPORT-ELWOOD___138_681,-37.32
07/12/2024 17:15:00,EDT,NRTHPORT 138 PILGRIM  138 2,25308,BUS:NPRT 672&NNC&601&602&603,38.28
07/12/2024 17:15:00,EDT,SCRIBA   345 VOLNEY   345 1,25204,SCRIBA__-VOLNEY___345_21,76.28
07/12/2024 17:20:00,EDT,ELWOOD    69 PULASKLI  69 1,26610,TWR:HOLBROOK 880 & 882,0.05
07/12/2024 17:20:00,EDT,ELWOOD   138 NRTHPORT 138 1,25543,NRTHPORT-ELWOOD___138_681,-40.73
07/12/2024 17:20:00,EDT,NRTHPORT 138 PILGRIM  138 2,25308,BUS:NPRT 672&NNC&601&602&603,41.78
07/12/2024 17:20:00,EDT,SCRIBA   345 VOLNEY   345 1,25204,SCRIBA__-VOLNEY___345_21,85.21
07/12/2024 17:25:00,EDT,ELWOOD    69 PULASKLI  69 1,26610,TWR:HOLBROOK 880 & 882,0.05
07/12/2024 17:25:00,EDT,ELWOOD   138 NRTHPORT 138 1,25543,NRTHPORT-ELWOOD___138_681,-40.74
07/12/2024 17:25:00,EDT,NRTHPORT 138 PILGRIM  138 2,25308,BUS:NPRT 672&NNC&601&602&603,41.79
07/12/2024 17:25:00,EDT,SCRIBA   345 VOLNEY   345 1,25204,SCRIBA__-VOLNEY___345_21,85.51
07/12/2024 17:30:00,EDT,ELWOOD    69 PULASKLI  69 1,26610,TWR:HOLBROOK 880 & 882,0.05
07/12/2024 17:30:00,EDT,ELWOOD   138 NRTHPORT 138 1,25543,NRTHPORT-ELWOOD___138_681,-36.95
07/12/2024 17:30:00,EDT,GREENWD  138 VERNON   138 1,25337, BASE CASE,-0.02
07/12/2024 17:30:00,EDT,NRTHPORT 138 PILGRIM  138 2,25308,BUS:NPRT 672&NNC&601&602&603,37.9
07/12/2024 17:30:00,EDT,SCRIBA   345 VOLNEY   345 1,25204,SCRIBA__-VOLNEY___345_21,75.87
07/12/2024 17:35:00,EDT,ELWOOD    69 PULASKLI  69 1,26610,TWR:HOLBROOK 880 & 882,0.05
07/12/2024 17:35:00,EDT,ELWOOD   138 NRTHPORT 138 1,25543,NRTHPORT-ELWOOD___138_681,-31.67
07/12/2024 17:35:00,EDT,NRTHPORT 138 PILGRIM  138 2,25308,BUS:NPRT 672&NNC&601&602&603,32.48
07/12/2024 17:35:00,EDT,SCRIBA   345 VOLNEY   345 1,25204,SCRIBA__-VOLNEY___345_21,62.12
07/12/2024 17:40:00,EDT,ELWOOD    69 PULASKLI  69 1,26610,TWR:HOLBROOK 880 & 882,0.05
07/12/2024 17:40:00,EDT,ELWOOD   138 NRTHPORT 138 1,25543,NRTHPORT-ELWOOD___138_681,-33.39
07/12/2024 17:40:00,EDT,NRTHPORT 138 PILGRIM  138 2,25308,BUS:NPRT 672&NNC&601&602&603,34.25
07/12/2024 17:40:00,EDT,SCRIBA   345 VOLNEY   345 1,25204,SCRIBA__-VOLNEY___345_21,67.02
07/12/2024 17:45:00,EDT,ELWOOD    69 PULASKLI  69 1,26610,TWR:HOLBROOK 880 & 882,0.05
07/12/2024 17:45:00,EDT,ELWOOD   138 NRTHPORT 138 1,25543,NRTHPORT-ELWOOD___138_681,-36.65
07/12/2024 17:45:00,EDT,NRTHPORT 138 PILGRIM  138 2,25308,BUS:NPRT 672&NNC&601&602&603,37.59
07/12/2024 17:45:00,EDT,SCRIBA   345 VOLNEY   345 1,25204,SCRIBA__-VOLNEY___345_21,75.59
07/12/2024 17:50:00,EDT,ELWOOD    69 PULASKLI  69 1,26610,TWR:HOLBROOK 880 & 882,0.05
07/12/2024 17:50:00,EDT,ELWOOD   138 NRTHPORT 138 1,25543,NRTHPORT-ELWOOD___138_681,-56.43
07/12/2024 17:50:00,EDT,NRTHPORT 138 PILGRIM  138 2,25308,BUS:NPRT 672&NNC&601&602&603,57.9
07/12/2024 17:50:00,EDT,SCRIBA   345 VOLNEY   345 1,25204,SCRIBA__-VOLNEY___345_21,127.03
07/12/2024 17:55:00,EDT,ELWOOD    69 PULASKLI  69 1,26610,TWR:HOLBROOK 880 & 882,200.0
07/12/2024 17:55:00,EDT,ELWOOD   138 NRTHPORT 138 1,25543,NRTHPORT-ELWOOD___138_681,-53.24
07/12/2024 17:55:00,EDT,HAUPPAUG 138 PILGRIM  138 1,25550,TWR:HOLBROOK 880 & 882,-56.1
07/12/2024 17:55:00,EDT,NRTHPORT 138 PILGRIM  138 2,25308,BUS:NPRT 672&NNC&601&602&603,62.11
07/12/2024 17:55:00,EDT,SCRIBA   345 VOLNEY   345 1,25204,SCRIBA__-VOLNEY___345_21,132.48
07/12/2024 18:00:00,EDT,ELWOOD    69 PULASKLI  69 1,26610,TWR:HOLBROOK 880 & 882,197.72
07/12/2024 18:00:00,EDT,ELWOOD   138 NRTHPORT 138 1,25543,NRTHPORT-ELWOOD___138_681,-26.52
07/12/2024 18:00:00,EDT,HAUPPAUG 138 PILGRIM  138 1,25550,TWR:HOLBROOK 880 & 882,-55.46
07/12/2024 18:00:00,EDT,NRTHPORT 138 PILGRIM  138 2,25308,BUS:NPRT 672&NNC&601&602&603,34.61
07/12/2024 18:00:00,EDT,SCRIBA   345 VOLNEY   345 1,25204,SCRIBA__-VOLNEY___345_21,116.44
07/12/2024 18:05:00,EDT,ELWOOD    69 PULASKLI  69 1,26610,TWR:HOLBROOK 880 & 882,200.0
07/12/2024 18:05:00,EDT,ELWOOD   138 NRTHPORT 138 1,25543,NRTHPORT-ELWOOD___138_681,-21.33
07/12/2024 18:05:00,EDT,HAUPPAUG 138 PILGRIM  138 1,25550,TWR:HOLBROOK 880 & 882,-56.1
07/12/2024 18:05:00,EDT,NRTHPORT 138 PILGRIM  138 2,25308,BUS:NPRT 672&NNC&601&602&603,29.37
07/12/2024 18:05:00,EDT,SCRIBA   345 VOLNEY   345 1,25204,SCRIBA__-VOLNEY___345_21,111.72
07/12/2024 18:10:00,EDT,ELWOOD    69 PULASKLI  69 1,26610,TWR:HOLBROOK 880 & 882,0.05
07/12/2024 18:10:00,EDT,ELWOOD   138 NRTHPORT 138 1,25543,NRTHPORT-ELWOOD___138_681,-13.04
07/12/2024 18:10:00,EDT,NRTHPORT 138 PILGRIM  138 2,25308,BUS:NPRT 672&NNC&601&602&603,13.39
07/12/2024 18:10:00,EDT,SCRIBA   345 VOLNEY   345 1,25204,SCRIBA__-VOLNEY___345_21,76.28
07/12/2024 18:15:00,EDT,ELWOOD    69 PULASKLI  69 1,26610,TWR:HOLBROOK 880 & 882,200.0
07/12/2024 18:15:00,EDT,ELWOOD   138 NRTHPORT 138 1,25543,NRTHPORT-ELWOOD___138_681,-6.56
07/12/2024 18:15:00,EDT,NRTHPORT 138 PILGRIM  138 2,25308,BUS:NPRT 672&NNC&601&602&603,16.88
07/12/2024 18:15:00,EDT,SCRIBA   345 VOLNEY   345 1,25204,SCRIBA__-VOLNEY___345_21,77.28
07/12/2024 18:20:00,EDT,ELWOOD    69 PULASKLI  69 1,26610,TWR:HOLBROOK 880 & 882,200.0
07/12/2024 18:20:00,EDT,ELWOOD   138 NRTHPORT 138 1,25543,NRTHPORT-ELWOOD___138_681,-8.15
07/12/2024 18:20:00,EDT,HAUPPAUG 138 PILGRIM  138 1,25550,TWR:HOLBROOK 880 & 882,-56.1
07/12/2024 18:20:00,EDT,NRTHPORT 138 PILGRIM  138 2,25308,BUS:NPRT 672&NNC&601&602&603,15.85
07/12/2024 18:20:00,EDT,SCRIBA   345 VOLNEY   345 1,25204,SCRIBA__-VOLNEY___345_21,77.28
07/12/2024 18:25:00,EDT,ELWOOD    69 PULASKLI  69 1,26610,TWR:HOLBROOK 880 & 882,200.0
07/12/2024 18:25:00,EDT,ELWOOD   138 NRTHPORT 138 1,25543,NRTHPORT-ELWOOD___138_681,-9.69
07/12/2024 18:25:00,EDT,HAUPPAUG 138 PILGRIM  138 1,25550,TWR:HOLBROOK 880 & 882,-56.1
07/12/2024 18:25:00,EDT,NRTHPORT 138 PILGRIM  138 2,25308,BUS:NPRT 672&NNC&601&602&603,17.43
07/12/2024 18:25:00,EDT,SCRIBA   345 VOLNEY   345 1,25204,SCRIBA__-VOLNEY___345_21,81.6
07/12/2024 18:30:00,EDT,ELWOOD    69 PULASKLI  69 1,26610,TWR:HOLBROOK 880 & 882,240.29
07/12/2024 18:30:00,EDT,ELWOOD   138 NRTHPORT 138 1,25543,NRTHPORT-ELWOOD___138_681,-8.4
07/12/2024 18:30:00,EDT,HAUPPAUG 138 PILGRIM  138 1,25550,TWR:HOLBROOK 880 & 882,-67.41
07/12/2024 18:30:00,EDT,NRTHPORT 138 PILGRIM  138 2,25308,BUS:NPRT 672&NNC&601&602&603,17.61
07/12/2024 18:30:00,EDT,SCRIBA   345 VOLNEY   345 1,25204,SCRIBA__-VOLNEY___345_21,81.25
07/12/2024 18:35:00,EDT,ELWOOD    69 PULASKLI  69 1,26610,TWR:HOLBROOK 880 & 882,0.05
07/12/2024 18:35:00,EDT,ELWOOD   138 NRTHPORT 138 1,25543,NRTHPORT-ELWOOD___138_681,-21.93
07/12/2024 18:35:00,EDT,NRTHPORT 138 PILGRIM  138 2,25308,NRTHPORT-PILGRIM__138_679,32.15
07/12/2024 18:35:00,EDT,SCRIBA   345 VOLNEY   345 1,25204,SCRIBA__-VOLNEY___345_21,100.0
07/12/2024 18:40:00,EDT,ELWOOD    69 PULASKLI  69 1,26610,TWR:HOLBROOK 880 & 882,0.05
07/12/2024 18:40:00,EDT,ELWOOD   138 NRTHPORT 138 1,25543,NRTHPORT-ELWOOD___138_681,-13.09
07/12/2024 18:40:00,EDT,NRTHPORT 138 PILGRIM  138 2,25308,NRTHPORT-PILGRIM__138_679,19.2
07/12/2024 18:40:00,EDT,SCRIBA   345 VOLNEY   345 1,25204,SCRIBA__-VOLNEY___345_21,76.96
07/12/2024 18:45:00,EDT,ELWOOD    69 PULASKLI  69 1,26610,TWR:HOLBROOK 880 & 882,0.05
07/12/2024 18:45:00,EDT,ELWOOD   138 NRTHPORT 138 1,25543,NRTHPORT-ELWOOD___138_681,-12.89
07/12/2024 18:45:00,EDT,NRTHPORT 138 PILGRIM  138 2,25308,NRTHPORT-PILGRIM__138_679,18.9
07/12/2024 18:45:00,EDT,SCRIBA   345 VOLNEY   345 1,25204,SCRIBA__-VOLNEY___345_21,76.57
07/12/2024 18:50:00,EDT,ELWOOD    69 PULASKLI  69 1,26610,TWR:HOLBROOK 880 & 882,0.05
07/12/2024 18:50:00,EDT,ELWOOD   138 NRTHPORT 138 1,25543,NRTHPORT-ELWOOD___138_681,-12.93
07/12/2024 18:50:00,EDT,FARRAGUT 345 GOWANUS  345 2,25140,SCB:GOWANUS(2):41&42231&R4,-5.74
07/12/2024 18:50:00,EDT,NRTHPORT 138 PILGRIM  138 2,25308,NRTHPORT-PILGRIM__138_679,18.96
07/12/2024 18:50:00,EDT,SCRIBA   345 VOLNEY   345 1,25204,SCRIBA__-VOLNEY___345_21,76.43
07/12/2024 18:55:00,EDT,ELWOOD    69 PULASKLI  69 1,26610,TWR:HOLBROOK 880 & 882,0.05
07/12/2024 18:55:00,EDT,ELWOOD   138 NRTHPORT 138 1,25543,NRTHPORT-ELWOOD___138_681,-12.72
07/12/2024 18:55:00,EDT,FARRAGUT 345 GOWANUS  345 2,25140,SCB:GOWANUS(2):41&42231&R4,-7.22
07/12/2024 18:55:00,EDT,NRTHPORT 138 PILGRIM  138 2,25308,NRTHPORT-PILGRIM__138_679,18.64
07/12/2024 18:55:00,EDT,SCRIBA   345 VOLNEY   345 1,25204,SCRIBA__-VOLNEY___345_21,76.3
07/12/2024 19:00:00,EDT,E179THST 138 HELLGATE 138 1,25289, BASE CASE,-0.02
07/12/2024 19:00:00,EDT,ELWOOD    69 PULASKLI  69 1,26610,TWR:HOLBROOK 880 & 882,0.05
07/12/2024 19:00:00,EDT,ELWOOD   138 NRTHPORT 138 1,25543,NRTHPORT-ELWOOD___138_681,-26.43
07/12/2024 19:00:00,EDT,NRTHPORT 138 PILGRIM  138 2,25308,BUS:NPRT 672&NNC&601&602&603,27.11
07/12/2024 19:00:00,EDT,SCRIBA   345 VOLNEY   345 1,25204,SCRIBA__-VOLNEY___345_21,112.45
07/12/2024 19:05:00,EDT,ELWOOD    69 PULASKLI  69 1,26610,TWR:HOLBROOK 880 & 882,0.05
07/12/2024 19:05:00,EDT,ELWOOD   138 NRTHPORT 138 1,25543,NRTHPORT-ELWOOD___138_681,-7.63
07/12/2024 19:05:00,EDT,NRTHPORT 138 PILGRIM  138 2,25308,BUS:NPRT 672&NNC&601&602&603,7.82
07/12/2024 19:05:00,EDT,SCRIBA   345 VOLNEY   345 1,25204,SCRIBA__-VOLNEY___345_21,62.5
07/12/2024 19:10:00,EDT,ELWOOD    69 PULASKLI  69 1,26610,TWR:HOLBROOK 880 & 882,0.05
07/12/2024 19:10:00,EDT,ELWOOD   138 NRTHPORT 138 1,25543,NRTHPORT-ELWOOD___138_681,-7.58
07/12/2024 19:10:00,EDT,FARRAGUT 345 GOWANUS  345 2,25140,SCB:GOWANUS(2):41&42231&R4,-3.17
07/12/2024 19:10:00,EDT,NRTHPORT 138 PILGRIM  138 2,25308,BUS:NPRT 672&NNC&601&602&603,7.77
07/12/2024 19:10:00,EDT,SCRIBA   345 VOLNEY   345 1,25204,SCRIBA__-VOLNEY___345_21,62.63
07/12/2024 19:15:00,EDT,ELWOOD    69 PULASKLI  69 1,26610,TWR:HOLBROOK 880 & 882,0.05
07/12/2024 19:15:00,EDT,ELWOOD   138 NRTHPORT 138 1,25543,NRTHPORT-ELWOOD___138_681,-3.45
07/12/2024 19:15:00,EDT,FARRAGUT 345 GOWANUS  345 2,25140,SCB:GOWANUS(2):41&42231&R4,-0.73
07/12/2024 19:15:00,EDT,NRTHPORT 138 PILGRIM  138 2,25308,BUS:NPRT 672&NNC&601&602&603,3.53
07/12/2024 19:15:00,EDT,SCRIBA   345 VOLNEY   345 1,25204,SCRIBA__-VOLNEY___345_21,51.95
07/12/2024 19:20:00,EDT,ELWOOD    69 PULASKLI  69 1,26610,TWR:HOLBROOK 880 & 882,0.05
07/12/2024 19:20:00,EDT,ELWOOD   138 NRTHPORT 138 1,25543,NRTHPORT-ELWOOD___138_681,-2.73
07/12/2024 19:20:00,EDT,NRTHPORT 138 PILGRIM  138 2,25308,BUS:NPRT 672&NNC&601&602&603,2.79
07/12/2024 19:20:00,EDT,SCRIBA   345 VOLNEY   345 1,25204,SCRIBA__-VOLNEY___345_21,50.26
07/12/2024 19:25:00,EDT,ELWOOD   138 NRTHPORT 138 1,25543,NRTHPORT-ELWOOD___138_681,-1.79
07/12/2024 19:25:00,EDT,NRTHPORT 138 PILGRIM  138 2,25308,BUS:NPRT 672&NNC&601&602&603,1.83
07/12/2024 19:25:00,EDT,SCRIBA   345 VOLNEY   345 1,25204,SCRIBA__-VOLNEY___345_21,48.08
07/12/2024 19:30:00,EDT,ELWOOD   138 NRTHPORT 138 1,25543,NRTHPORT-ELWOOD___138_681,-3.16
07/12/2024 19:30:00,EDT,NRTHPORT 138 PILGRIM  138 2,25308,BUS:NPRT 672&NNC&601&602&603,3.23
07/12/2024 19:30:00,EDT,SCRIBA   345 VOLNEY   345 1,25204,SCRIBA__-VOLNEY___345_21,51.6
07/12/2024 19:35:00,EDT,ELWOOD   138 NRTHPORT 138 1,25543,NRTHPORT-ELWOOD___138_681,-2.13
07/12/2024 19:35:00,EDT,NRTHPORT 138 PILGRIM  138 2,25308,BUS:NPRT 672&NNC&601&602&603,2.18
07/12/2024 19:35:00,EDT,SCRIBA   345 VOLNEY   345 1,25204,SCRIBA__-VOLNEY___345_21,48.87
07/12/2024 19:40:00,EDT,ELWOOD   138 NRTHPORT 138 1,25543,NRTHPORT-ELWOOD___138_681,-1.93
07/12/2024 19:40:00,EDT,NRTHPORT 138 PILGRIM  138 2,25308,BUS:NPRT 672&NNC&601&602&603,1.97
07/12/2024 19:40:00,EDT,SCRIBA   345 VOLNEY   345 1,25204,SCRIBA__-VOLNEY___345_21,48.44
07/12/2024 19:45:00,EDT,ELWOOD   138 NRTHPORT 138 1,25543,NRTHPORT-ELWOOD___138_681,-1.89
07/12/2024 19:45:00,EDT,NRTHPORT 138 PILGRIM  138 2,25308,BUS:NPRT 672&NNC&601&602&603,1.93
07/12/2024 19:45:00,EDT,SCRIBA   345 VOLNEY   345 1,25204,SCRIBA__-VOLNEY___345_21,48.78
07/12/2024 19:50:00,EDT,ELWOOD   138 NRTHPORT 138 1,25543,NRTHPORT-ELWOOD___138_681,-2.01
07/12/2024 19:50:00,EDT,NRTHPORT 138 PILGRIM  138 2,25308,BUS:NPRT 672&NNC&601&602&603,2.05
07/12/2024 19:50:00,EDT,SCRIBA   345 VOLNEY   345 1,25204,SCRIBA__-VOLNEY___345_21,48.98
07/12/2024 19:55:00,EDT,ELWOOD   138 NRTHPORT 138 1,25543,NRTHPORT-ELWOOD___138_681,-1.8
07/12/2024 19:55:00,EDT,NRTHPORT 138 PILGRIM  138 2,25308,BUS:NPRT 672&NNC&601&602&603,1.83
07/12/2024 19:55:00,EDT,SCRIBA   345 VOLNEY   345 1,25204,SCRIBA__-VOLNEY___345_21,48.76
07/12/2024 20:00:00,EDT,ELWOOD   138 NRTHPORT 138 1,25543,NRTHPORT-ELWOOD___138_681,-1.71
07/12/2024 20:00:00,EDT,GREENWD  138 VERNON   138 1,25337,SCB:VERN(2E)36311&R1&38M72&Q01,-0.02
07/12/2024 20:00:00,EDT,NRTHPORT 138 PILGRIM  138 2,25308,BUS:NPRT 672&NNC&601&602&603,1.74
07/12/2024 20:00:00,EDT,SCRIBA   345 VOLNEY   345 1,25204,SCRIBA__-VOLNEY___345_21,48.22
07/12/2024 20:05:00,EDT,GREENWD  138 VERNON   138 1,25337,SCB:VERN(2E)36311&R1&38M72&Q01,-0.02
07/12/2024 20:05:00,EDT,SCRIBA   345 VOLNEY   345 1,25204,SCRIBA__-VOLNEY___345_21,43.36
07/12/2024 20:10:00,EDT,ELWOOD   138 NRTHPORT 138 1,25543,NRTHPORT-ELWOOD___138_681,-1.02
07/12/2024 20:10:00,EDT,GREENWD  138 VERNON   138 1,25337,SCB:VERN(2E)36311&R1&38M72&Q01,-0.05
07/12/2024 20:10:00,EDT,NRTHPORT 138 PILGRIM  138 2,25308,BUS:NPRT 672&NNC&601&602&603,1.04
07/12/2024 20:10:00,EDT,SCRIBA   345 VOLNEY   345 1,25204,SCRIBA__-VOLNEY___345_21,45.82
07/12/2024 20:15:00,EDT,ELWOOD   138 NRTHPORT 138 1,25543,NRTHPORT-ELWOOD___138_681,-0.66
07/12/2024 20:15:00,EDT,GREENWD  138 VERNON   138 1,25337,SCB:VERN(2E)36311&R1&38M72&Q01,-0.02
07/12/2024 20:15:00,EDT,NRTHPORT 138 PILGRIM  138 2,25308,BUS:NPRT 672&NNC&601&602&603,0.67
07/12/2024 20:15:00,EDT,SCRIBA   345 VOLNEY   345 1,25204,SCRIBA__-VOLNEY___345_21,44.13
07/12/2024 20:20:00,EDT,ELWOOD   138 NRTHPORT 138 1,25543,NRTHPORT-ELWOOD___138_681,-0.67
07/12/2024 20:20:00,EDT,NRTHPORT 138 PILGRIM  138 2,25308,BUS:NPRT 672&NNC&601&602&603,0.68
07/12/2024 20:20:00,EDT,SCRIBA   345 VOLNEY   345 1,25204,SCRIBA__-VOLNEY___345_21,44.26
07/12/2024 20:25:00,EDT,ELWOOD   138 NRTHPORT 138 1,25543,NRTHPORT-ELWOOD___138_681,-0.53
07/12/2024 20:25:00,EDT,NRTHPORT 138 PILGRIM  138 2,25308,BUS:NPRT 672&NNC&601&602&603,0.54
07/12/2024 20:25:00,EDT,SCRIBA   345 VOLNEY   345 1,25204,SCRIBA__-VOLNEY___345_21,44.01
07/12/2024 20:30:00,EDT,ELWOOD   138 NRTHPORT 138 1,25543,NRTHPORT-ELWOOD___138_681,-0.59
07/12/2024 20:30:00,EDT,NRTHPORT 138 PILGRIM  138 2,25308,BUS:NPRT 672&NNC&601&602&603,0.59
07/12/2024 20:30:00,EDT,SCRIBA   345 VOLNEY   345 1,25204,SCRIBA__-VOLNEY___345_21,44.36
07/12/2024 20:35:00,EDT,ELWOOD   138 NRTHPORT 138 1,25543,NRTHPORT-ELWOOD___138_681,-0.9
07/12/2024 20:35:00,EDT,NRTHPORT 138 PILGRIM  138 2,25308,BUS:NPRT 672&NNC&601&602&603,0.92
07/12/2024 20:35:00,EDT,SCRIBA   345 VOLNEY   345 1,25204,SCRIBA__-VOLNEY___345_21,45.51
07/12/2024 20:40:00,EDT,ELWOOD   138 NRTHPORT 138 1,25543,NRTHPORT-ELWOOD___138_681,-1.56
07/12/2024 20:40:00,EDT,NRTHPORT 138 PILGRIM  138 2,25308,BUS:NPRT 672&NNC&601&602&603,1.59
07/12/2024 20:40:00,EDT,SCRIBA   345 VOLNEY   345 1,25204,SCRIBA__-VOLNEY___345_21,47.26
07/12/2024 20:45:00,EDT,ELWOOD   138 NRTHPORT 138 1,25543,NRTHPORT-ELWOOD___138_681,-0.55
07/12/2024 20:45:00,EDT,NRTHPORT 138 PILGRIM  138 2,25308,BUS:NPRT 672&NNC&601&602&603,0.56
07/12/2024 20:45:00,EDT,SCRIBA   345 VOLNEY   345 1,25204,SCRIBA__-VOLNEY___345_21,44.16
07/12/2024 20:50:00,EDT,ELWOOD   138 NRTHPORT 138 1,25543,NRTHPORT-ELWOOD___138_681,-0.41
07/12/2024 20:50:00,EDT,NRTHPORT 138 PILGRIM  138 2,25308,BUS:NPRT 672&NNC&601&602&603,0.41
07/12/2024 20:50:00,EDT,SCRIBA   345 VOLNEY   345 1,25204,SCRIBA__-VOLNEY___345_21,43.47
07/12/2024 20:55:00,EDT,ELWOOD   138 NRTHPORT 138 1,25543,NRTHPORT-ELWOOD___138_681,-0.86
07/12/2024 20:55:00,EDT,NRTHPORT 138 PILGRIM  138 2,25308,BUS:NPRT 672&NNC&601&602&603,0.88
07/12/2024 20:55:00,EDT,SCRIBA   345 VOLNEY   345 1,25204,SCRIBA__-VOLNEY___345_21,44.98
07/12/2024 21:00:00,EDT,ELWOOD   138 NRTHPORT 138 1,25543,NRTHPORT-ELWOOD___138_681,-2.94
07/12/2024 21:00:00,EDT,NRTHPORT 138 PILGRIM  138 2,25308,BUS:NPRT 672&NNC&601&602&603,3.01
07/12/2024 21:00:00,EDT,SCRIBA   345 VOLNEY   345 1,25204,SCRIBA__-VOLNEY___345_21,49.97
07/12/2024 21:05:00,EDT,ELWOOD   138 NRTHPORT 138 1,25543,NRTHPORT-ELWOOD___138_681,-2.06
07/12/2024 21:05:00,EDT,NRTHPORT 138 PILGRIM  138 2,25308,NRTHPORT-PILGRIM__138_679,3.01
07/12/2024 21:05:00,EDT,SCRIBA   345 VOLNEY   345 1,25204,SCRIBA__-VOLNEY___345_21,47.25
07/12/2024 21:10:00,EDT,ELWOOD   138 NRTHPORT 138 1,25543,NRTHPORT-ELWOOD___138_681,-1.58
07/12/2024 21:10:00,EDT,NRTHPORT 138 PILGRIM  138 2,25308,NRTHPORT-PILGRIM__138_679,2.31
07/12/2024 21:10:00,EDT,SCRIBA   345 VOLNEY   345 1,25204,SCRIBA__-VOLNEY___345_21,45.97
07/12/2024 21:15:00,EDT,ELWOOD   138 NRTHPORT 138 1,25543,NRTHPORT-ELWOOD___138_681,-3.1
07/12/2024 21:15:00,EDT,NRTHPORT 138 PILGRIM  138 2,25308,NRTHPORT-PILGRIM__138_679,4.55
07/12/2024 21:15:00,EDT,SCRIBA   345 VOLNEY   345 1,25204,SCRIBA__-VOLNEY___345_21,49.97
07/12/2024 21:20:00,EDT,ELWOOD   138 NRTHPORT 138 1,25543,NRTHPORT-ELWOOD___138_681,-1.35
07/12/2024 21:20:00,EDT,NRTHPORT 138 PILGRIM  138 2,25308,NRTHPORT-PILGRIM__138_679,1.99
07/12/2024 21:20:00,EDT,SCRIBA   345 VOLNEY   345 1,25204,SCRIBA__-VOLNEY___345_21,44.94
07/12/2024 21:25:00,EDT,ELWOOD   138 NRTHPORT 138 1,25543,NRTHPORT-ELWOOD___138_681,-1.23
07/12/2024 21:25:00,EDT,NRTHPORT 138 PILGRIM  138 2,25308,NRTHPORT-PILGRIM__138_679,1.82
07/12/2024 21:25:00,EDT,SCRIBA   345 VOLNEY   345 1,25204,SCRIBA__-VOLNEY___345_21,45.04
07/12/2024 21:30:00,EDT,ELWOOD   138 NRTHPORT 138 1,25543,NRTHPORT-ELWOOD___138_681,-1.07
07/12/2024 21:30:00,EDT,NRTHPORT 138 PILGRIM  138 2,25308,NRTHPORT-PILGRIM__138_679,1.58
07/12/2024 21:30:00,EDT,SCRIBA   345 VOLNEY   345 1,25204,SCRIBA__-VOLNEY___345_21,45.04
07/12/2024 21:35:00,EDT,EGRDNCTY 138 NEWBRDGE 138 2,25304, BASE CASE,-0.03
07/12/2024 21:35:00,EDT,SCRIBA   345 VOLNEY   345 1,25204,SCRIBA__-VOLNEY___345_21,44.25
07/12/2024 21:40:00,EDT,SCRIBA   345 VOLNEY   345 1,25204,SCRIBA__-VOLNEY___345_21,42.1
07/12/2024 21:45:00,EDT,SCRIBA   345 VOLNEY   345 1,25204,SCRIBA__-VOLNEY___345_21,33.99
07/12/2024 21:50:00,EDT,SCRIBA   345 VOLNEY   345 1,25204,SCRIBA__-VOLNEY___345_21,33.12
07/12/2024 21:55:00,EDT,SCRIBA   345 VOLNEY   345 1,25204,SCRIBA__-VOLNEY___345_21,33.04
07/12/2024 22:00:00,EDT,ELWOOD   138 NRTHPORT 138 1,25543,NRTHPORT-ELWOOD___138_681,-6.64
07/12/2024 22:00:00,EDT,NRTHPORT 138 PILGRIM  138 2,25308,NRTHPORT-PILGRIM__138_679,9.75
07/12/2024 22:00:00,EDT,SCRIBA   345 VOLNEY   345 1,25204,SCRIBA__-VOLNEY___345_21,56.05
07/12/2024 22:05:00,EDT,ELWOOD   138 NRTHPORT 138 1,25543,NRTHPORT-ELWOOD___138_681,-4.68
07/12/2024 22:05:00,EDT,NRTHPORT 138 PILGRIM  138 2,25308,NRTHPORT-PILGRIM__138_679,6.88
07/12/2024 22:05:00,EDT,SCRIBA   345 VOLNEY   345 1,25204,SCRIBA__-VOLNEY___345_21,41.73
07/12/2024 22:10:00,EDT,ELWOOD   138 NRTHPORT 138 1,25543,NRTHPORT-ELWOOD___138_681,-1.22
07/12/2024 22:10:00,EDT,NRTHPORT 138 PILGRIM  138 2,25308,NRTHPORT-PILGRIM__138_679,1.81
07/12/2024 22:10:00,EDT,SCRIBA   345 VOLNEY   345 1,25204,SCRIBA__-VOLNEY___345_21,41.94
07/12/2024 22:15:00,EDT,ELWOOD   138 NRTHPORT 138 1,25543,NRTHPORT-ELWOOD___138_681,-1.46
07/12/2024 22:15:00,EDT,FRESHKLS 138 WILLWBRK 138 1,25320, BASE CASE,0.02
07/12/2024 22:15:00,EDT,NRTHPORT 138 PILGRIM  138 2,25308,NRTHPORT-PILGRIM__138_679,2.16
07/12/2024 22:15:00,EDT,SCRIBA   345 VOLNEY   345 1,25204,SCRIBA__-VOLNEY___345_21,42.88
07/12/2024 22:20:00,EDT,ELWOOD   138 NRTHPORT 138 1,25543,NRTHPORT-ELWOOD___138_681,-2.07
07/12/2024 22:20:00,EDT,FRESHKLS 138 WILLWBRK 138 1,25320, BASE CASE,0.02
07/12/2024 22:20:00,EDT,NRTHPORT 138 PILGRIM  138 2,25308,NRTHPORT-PILGRIM__138_679,3.05
07/12/2024 22:20:00,EDT,SCRIBA   345 VOLNEY   345 1,25204,SCRIBA__-VOLNEY___345_21,44.72
07/12/2024 22:25:00,EDT,ELWOOD   138 NRTHPORT 138 1,25543,NRTHPORT-ELWOOD___138_681,-1.88
07/12/2024 22:25:00,EDT,FRESHKLS 138 WILLWBRK 138 1,25320, BASE CASE,0.02
07/12/2024 22:25:00,EDT,NRTHPORT 138 PILGRIM  138 2,25308,NRTHPORT-PILGRIM__138_679,2.77
07/12/2024 22:25:00,EDT,SCRIBA   345 VOLNEY   345 1,25204,SCRIBA__-VOLNEY___345_21,44.32
07/12/2024 22:30:00,EDT,ELWOOD   138 NRTHPORT 138 1,25543,NRTHPORT-ELWOOD___138_681,-1.15
07/12/2024 22:30:00,EDT,FRESHKLS 138 WILLWBRK 138 1,25320, BASE CASE,0.02
07/12/2024 22:30:00,EDT,NRTHPORT 138 PILGRIM  138 2,25308,NRTHPORT-PILGRIM__138_679,1.69
07/12/2024 22:30:00,EDT,SCRIBA   345 VOLNEY   345 1,25204,SCRIBA__-VOLNEY___345_21,42.47
07/12/2024 22:35:00,EDT,ELWOOD   138 NRTHPORT 138 1,25543,NRTHPORT-ELWOOD___138_681,-1.11
07/12/2024 22:35:00,EDT,NRTHPORT 138 PILGRIM  138 2,25308,NRTHPORT-PILGRIM__138_679,1.65
07/12/2024 22:35:00,EDT,SCRIBA   345 VOLNEY   345 1,25204,SCRIBA__-VOLNEY___345_21,42.18
07/12/2024 22:40:00,EDT,ELWOOD   138 NRTHPORT 138 1,25543,NRTHPORT-ELWOOD___138_681,-0.95
07/12/2024 22:40:00,EDT,FRESHKLS 138 WILLWBRK 138 1,25320, BASE CASE,0.02
07/12/2024 22:40:00,EDT,NRTHPORT 138 PILGRIM  138 2,25308,NRTHPORT-PILGRIM__138_679,1.4
07/12/2024 22:40:00,EDT,SCRIBA   345 VOLNEY   345 1,25204,SCRIBA__-VOLNEY___345_21,39.9
07/12/2024 22:45:00,EDT,ELWOOD   138 NRTHPORT 138 1,25543,NRTHPORT-ELWOOD___138_681,-0.62
07/12/2024 22:45:00,EDT,FRESHKLS 138 WILLWBRK 138 1,25320, BASE CASE,0.02
07/12/2024 22:45:00,EDT,NRTHPORT 138 PILGRIM  138 2,25308,NRTHPORT-PILGRIM__138_679,0.92
07/12/2024 22:45:00,EDT,SCRIBA   345 VOLNEY   345 1,25204,SCRIBA__-VOLNEY___345_21,40.24
07/12/2024 22:50:00,EDT,ELWOOD   138 NRTHPORT 138 1,25543,NRTHPORT-ELWOOD___138_681,-0.23
07/12/2024 22:50:00,EDT,NRTHPORT 138 PILGRIM  138 2,25308,NRTHPORT-PILGRIM__138_679,0.35
07/12/2024 22:50:00,EDT,SCRIBA   345 VOLNEY   345 1,25204,SCRIBA__-VOLNEY___345_21,39.22
07/12/2024 22:55:00,EDT,SCRIBA   345 VOLNEY   345 1,25204,SCRIBA__-VOLNEY___345_21,38.52
07/12/2024 23:00:00,EDT,ELWOOD   138 NRTHPORT 138 1,25543,NRTHPORT-ELWOOD___138_681,-0.81
07/12/2024 23:00:00,EDT,NRTHPORT 138 PILGRIM  138 2,25308,NRTHPORT-PILGRIM__138_679,1.21
07/12/2024 23:00:00,EDT,SCRIBA   345 VOLNEY   345 1,25204,SCRIBA__-VOLNEY___345_21,42.73
07/12/2024 23:05:00,EDT,SCRIBA   345 VOLNEY   345 1,25204,SCRIBA__-VOLNEY___345_21,29.36
07/12/2024 23:10:00,EDT,SCRIBA   345 VOLNEY   345 1,25204,SCRIBA__-VOLNEY___345_21,29.54
07/12/2024 23:15:00,EDT,SCRIBA   345 VOLNEY   345 1,25204,SCRIBA__-VOLNEY___345_21,29.54
07/12/2024 23:20:00,EDT,SCRIBA   345 VOLNEY   345 1,25204,SCRIBA__-VOLNEY___345_21,31.44
07/12/2024 23:25:00,EDT,SCRIBA   345 VOLNEY   345 1,25204,SCRIBA__-VOLNEY___345_21,30.59
07/12/2024 23:30:00,EDT,SCRIBA   345 VOLNEY   345 1,25204,SCRIBA__-VOLNEY___345_21,28.41
07/12/2024 23:35:00,EDT,SCRIBA   345 VOLNEY   345 1,25204,SCRIBA__-VOLNEY___345_21,17.01
07/12/2024 23:40:00,EDT,SCRIBA   345 VOLNEY   345 1,25204,SCRIBA__-VOLNEY___345_21,16.84
07/12/2024 23:45:00,EDT,SCRIBA   345 VOLNEY   345 1,25204,SCRIBA__-VOLNEY___345_21,6.32
07/12/2024 23:50:00,EDT,SCRIBA   345 VOLNEY   345 1,25204,SCRIBA__-VOLNEY___345_21,3.56
07/12/2024 23:55:00,EDT,SCRIBA   345 VOLNEY   345 1,25204,SCRIBA__-VOLNEY___345_21,2.68
