Time Stamp,Time Zone,Fuel Category,Gen MW
07/12/2024 00:05:00,EDT,Dual Fuel,5955.0
07/12/2024 00:05:00,EDT,Natural Gas,4584.0
07/12/2024 00:05:00,EDT,Nuclear,3245.0
07/12/2024 00:05:00,EDT,Other Fossil Fuels,8.0
07/12/2024 00:05:00,EDT,Other Renewables,255.0
07/12/2024 00:05:00,EDT,Wind,146.0
07/12/2024 00:05:00,EDT,Hydro,2519.0
07/12/2024 00:10:00,EDT,Dual Fuel,5718.0
07/12/2024 00:10:00,EDT,Natural Gas,4531.0
07/12/2024 00:10:00,EDT,Nuclear,3244.0
07/12/2024 00:10:00,EDT,Other Fossil Fuels,8.0
07/12/2024 00:10:00,EDT,Other Renewables,255.0
07/12/2024 00:10:00,EDT,Wind,146.0
07/12/2024 00:10:00,EDT,Hydro,2480.0
07/12/2024 00:15:00,EDT,Dual Fuel,5526.0
07/12/2024 00:15:00,EDT,Natural Gas,4533.0
07/12/2024 00:15:00,EDT,Nuclear,3245.0
07/12/2024 00:15:00,EDT,Other Fossil Fuels,8.0
07/12/2024 00:15:00,EDT,Other Renewables,252.0
07/12/2024 00:15:00,EDT,Wind,144.0
07/12/2024 00:15:00,EDT,Hydro,2499.0
07/12/2024 00:20:00,EDT,Dual Fuel,5435.0
07/12/2024 00:20:00,EDT,Natural Gas,4508.0
07/12/2024 00:20:00,EDT,Nuclear,3245.0
07/12/2024 00:20:00,EDT,Other Fossil Fuels,8.0
07/12/2024 00:20:00,EDT,Other Renewables,251.0
07/12/2024 00:20:00,EDT,Wind,143.0
07/12/2024 00:20:00,EDT,Hydro,2501.0
07/12/2024 00:25:00,EDT,Dual Fuel,5322.0
07/12/2024 00:25:00,EDT,Natural Gas,4460.0
07/12/2024 00:25:00,EDT,Nuclear,3245.0
07/12/2024 00:25:00,EDT,Other Fossil Fuels,8.0
07/12/2024 00:25:00,EDT,Other Renewables,250.0
07/12/2024 00:25:00,EDT,Wind,142.0
07/12/2024 00:25:00,EDT,Hydro,2451.0
07/12/2024 00:30:00,EDT,Dual Fuel,5252.0
07/12/2024 00:30:00,EDT,Natural Gas,4412.0
07/12/2024 00:30:00,EDT,Nuclear,3246.0
07/12/2024 00:30:00,EDT,Other Fossil Fuels,8.0
07/12/2024 00:30:00,EDT,Other Renewables,249.0
07/12/2024 00:30:00,EDT,Wind,142.0
07/12/2024 00:30:00,EDT,Hydro,2437.0
07/12/2024 00:35:00,EDT,Dual Fuel,5222.0
07/12/2024 00:35:00,EDT,Natural Gas,4371.0
07/12/2024 00:35:00,EDT,Nuclear,3245.0
07/12/2024 00:35:00,EDT,Other Fossil Fuels,8.0
07/12/2024 00:35:00,EDT,Other Renewables,247.0
07/12/2024 00:35:00,EDT,Wind,143.0
07/12/2024 00:35:00,EDT,Hydro,2422.0
07/12/2024 00:40:00,EDT,Dual Fuel,5159.0
07/12/2024 00:40:00,EDT,Natural Gas,4372.0
07/12/2024 00:40:00,EDT,Nuclear,3246.0
07/12/2024 00:40:00,EDT,Other Fossil Fuels,8.0
07/12/2024 00:40:00,EDT,Other Renewables,241.0
07/12/2024 00:40:00,EDT,Wind,142.0
07/12/2024 00:40:00,EDT,Hydro,2380.0
07/12/2024 00:45:00,EDT,Dual Fuel,5080.0
07/12/2024 00:45:00,EDT,Natural Gas,4349.0
07/12/2024 00:45:00,EDT,Nuclear,3247.0
07/12/2024 00:45:00,EDT,Other Fossil Fuels,8.0
07/12/2024 00:45:00,EDT,Other Renewables,232.0
07/12/2024 00:45:00,EDT,Wind,141.0
07/12/2024 00:45:00,EDT,Hydro,2382.0
07/12/2024 00:50:00,EDT,Dual Fuel,5031.0
07/12/2024 00:50:00,EDT,Natural Gas,4310.0
07/12/2024 00:50:00,EDT,Nuclear,3246.0
07/12/2024 00:50:00,EDT,Other Fossil Fuels,8.0
07/12/2024 00:50:00,EDT,Other Renewables,235.0
07/12/2024 00:50:00,EDT,Wind,143.0
07/12/2024 00:50:00,EDT,Hydro,2415.0
07/12/2024 00:55:00,EDT,Dual Fuel,5011.0
07/12/2024 00:55:00,EDT,Natural Gas,4264.0
07/12/2024 00:55:00,EDT,Nuclear,3247.0
07/12/2024 00:55:00,EDT,Other Fossil Fuels,8.0
07/12/2024 00:55:00,EDT,Other Renewables,238.0
07/12/2024 00:55:00,EDT,Wind,142.0
07/12/2024 00:55:00,EDT,Hydro,2409.0
07/12/2024 01:00:00,EDT,Dual Fuel,4931.0
07/12/2024 01:00:00,EDT,Natural Gas,4345.0
07/12/2024 01:00:00,EDT,Nuclear,3245.0
07/12/2024 01:00:00,EDT,Other Fossil Fuels,8.0
07/12/2024 01:00:00,EDT,Other Renewables,242.0
07/12/2024 01:00:00,EDT,Wind,145.0
07/12/2024 01:00:00,EDT,Hydro,2442.0
07/12/2024 01:05:00,EDT,Dual Fuel,4895.0
07/12/2024 01:05:00,EDT,Natural Gas,4488.0
07/12/2024 01:05:00,EDT,Nuclear,3246.0
07/12/2024 01:05:00,EDT,Other Fossil Fuels,8.0
07/12/2024 01:05:00,EDT,Other Renewables,243.0
07/12/2024 01:05:00,EDT,Wind,144.0
07/12/2024 01:05:00,EDT,Hydro,2571.0
07/12/2024 01:10:00,EDT,Dual Fuel,4951.0
07/12/2024 01:10:00,EDT,Natural Gas,4526.0
07/12/2024 01:10:00,EDT,Nuclear,3246.0
07/12/2024 01:10:00,EDT,Other Fossil Fuels,8.0
07/12/2024 01:10:00,EDT,Other Renewables,242.0
07/12/2024 01:10:00,EDT,Wind,143.0
07/12/2024 01:10:00,EDT,Hydro,2536.0
07/12/2024 01:15:00,EDT,Dual Fuel,4906.0
07/12/2024 01:15:00,EDT,Natural Gas,4517.0
07/12/2024 01:15:00,EDT,Nuclear,3247.0
07/12/2024 01:15:00,EDT,Other Fossil Fuels,8.0
07/12/2024 01:15:00,EDT,Other Renewables,241.0
07/12/2024 01:15:00,EDT,Wind,138.0
07/12/2024 01:15:00,EDT,Hydro,2439.0
07/12/2024 01:20:00,EDT,Dual Fuel,4919.0
07/12/2024 01:20:00,EDT,Natural Gas,4479.0
07/12/2024 01:20:00,EDT,Nuclear,3246.0
07/12/2024 01:20:00,EDT,Other Fossil Fuels,8.0
07/12/2024 01:20:00,EDT,Other Renewables,244.0
07/12/2024 01:20:00,EDT,Wind,130.0
07/12/2024 01:20:00,EDT,Hydro,2447.0
07/12/2024 01:25:00,EDT,Dual Fuel,4932.0
07/12/2024 01:25:00,EDT,Natural Gas,4427.0
07/12/2024 01:25:00,EDT,Nuclear,3246.0
07/12/2024 01:25:00,EDT,Other Fossil Fuels,8.0
07/12/2024 01:25:00,EDT,Other Renewables,240.0
07/12/2024 01:25:00,EDT,Wind,122.0
07/12/2024 01:25:00,EDT,Hydro,2454.0
07/12/2024 01:30:00,EDT,Dual Fuel,4940.0
07/12/2024 01:30:00,EDT,Natural Gas,4387.0
07/12/2024 01:30:00,EDT,Nuclear,3247.0
07/12/2024 01:30:00,EDT,Other Fossil Fuels,8.0
07/12/2024 01:30:00,EDT,Other Renewables,240.0
07/12/2024 01:30:00,EDT,Wind,114.0
07/12/2024 01:30:00,EDT,Hydro,2463.0
07/12/2024 01:35:00,EDT,Dual Fuel,4884.0
07/12/2024 01:35:00,EDT,Natural Gas,4368.0
07/12/2024 01:35:00,EDT,Nuclear,3248.0
07/12/2024 01:35:00,EDT,Other Fossil Fuels,8.0
07/12/2024 01:35:00,EDT,Other Renewables,241.0
07/12/2024 01:35:00,EDT,Wind,47.0
07/12/2024 01:35:00,EDT,Hydro,2449.0
07/12/2024 01:40:00,EDT,Dual Fuel,4896.0
07/12/2024 01:40:00,EDT,Natural Gas,4312.0
07/12/2024 01:40:00,EDT,Nuclear,3247.0
07/12/2024 01:40:00,EDT,Other Fossil Fuels,8.0
07/12/2024 01:40:00,EDT,Other Renewables,242.0
07/12/2024 01:40:00,EDT,Wind,28.0
07/12/2024 01:40:00,EDT,Hydro,2464.0
07/12/2024 01:45:00,EDT,Dual Fuel,4901.0
07/12/2024 01:45:00,EDT,Natural Gas,4289.0
07/12/2024 01:45:00,EDT,Nuclear,3247.0
07/12/2024 01:45:00,EDT,Other Fossil Fuels,8.0
07/12/2024 01:45:00,EDT,Other Renewables,233.0
07/12/2024 01:45:00,EDT,Wind,29.0
07/12/2024 01:45:00,EDT,Hydro,2456.0
07/12/2024 01:50:00,EDT,Dual Fuel,4833.0
07/12/2024 01:50:00,EDT,Natural Gas,4284.0
07/12/2024 01:50:00,EDT,Nuclear,3249.0
07/12/2024 01:50:00,EDT,Other Fossil Fuels,8.0
07/12/2024 01:50:00,EDT,Other Renewables,232.0
07/12/2024 01:50:00,EDT,Wind,29.0
07/12/2024 01:50:00,EDT,Hydro,2445.0
07/12/2024 01:55:00,EDT,Dual Fuel,4773.0
07/12/2024 01:55:00,EDT,Natural Gas,4272.0
07/12/2024 01:55:00,EDT,Nuclear,3248.0
07/12/2024 01:55:00,EDT,Other Fossil Fuels,8.0
07/12/2024 01:55:00,EDT,Other Renewables,242.0
07/12/2024 01:55:00,EDT,Wind,62.0
07/12/2024 01:55:00,EDT,Hydro,2461.0
07/12/2024 02:00:00,EDT,Dual Fuel,4746.0
07/12/2024 02:00:00,EDT,Natural Gas,4359.0
07/12/2024 02:00:00,EDT,Nuclear,3248.0
07/12/2024 02:00:00,EDT,Other Fossil Fuels,8.0
07/12/2024 02:00:00,EDT,Other Renewables,244.0
07/12/2024 02:00:00,EDT,Wind,117.0
07/12/2024 02:00:00,EDT,Hydro,2509.0
07/12/2024 02:05:00,EDT,Dual Fuel,4735.0
07/12/2024 02:05:00,EDT,Natural Gas,4483.0
07/12/2024 02:05:00,EDT,Nuclear,3248.0
07/12/2024 02:05:00,EDT,Other Fossil Fuels,8.0
07/12/2024 02:05:00,EDT,Other Renewables,241.0
07/12/2024 02:05:00,EDT,Wind,115.0
07/12/2024 02:05:00,EDT,Hydro,2529.0
07/12/2024 02:10:00,EDT,Dual Fuel,4690.0
07/12/2024 02:10:00,EDT,Natural Gas,4476.0
07/12/2024 02:10:00,EDT,Nuclear,3248.0
07/12/2024 02:10:00,EDT,Other Fossil Fuels,8.0
07/12/2024 02:10:00,EDT,Other Renewables,242.0
07/12/2024 02:10:00,EDT,Wind,112.0
07/12/2024 02:10:00,EDT,Hydro,2545.0
07/12/2024 02:15:00,EDT,Dual Fuel,4633.0
07/12/2024 02:15:00,EDT,Natural Gas,4483.0
07/12/2024 02:15:00,EDT,Nuclear,3247.0
07/12/2024 02:15:00,EDT,Other Fossil Fuels,8.0
07/12/2024 02:15:00,EDT,Other Renewables,247.0
07/12/2024 02:15:00,EDT,Wind,100.0
07/12/2024 02:15:00,EDT,Hydro,2582.0
07/12/2024 02:20:00,EDT,Dual Fuel,4672.0
07/12/2024 02:20:00,EDT,Natural Gas,4486.0
07/12/2024 02:20:00,EDT,Nuclear,3248.0
07/12/2024 02:20:00,EDT,Other Fossil Fuels,8.0
07/12/2024 02:20:00,EDT,Other Renewables,246.0
07/12/2024 02:20:00,EDT,Wind,95.0
07/12/2024 02:20:00,EDT,Hydro,2598.0
07/12/2024 02:25:00,EDT,Dual Fuel,4722.0
07/12/2024 02:25:00,EDT,Natural Gas,4485.0
07/12/2024 02:25:00,EDT,Nuclear,3247.0
07/12/2024 02:25:00,EDT,Other Fossil Fuels,8.0
07/12/2024 02:25:00,EDT,Other Renewables,239.0
07/12/2024 02:25:00,EDT,Wind,74.0
07/12/2024 02:25:00,EDT,Hydro,2579.0
07/12/2024 02:30:00,EDT,Dual Fuel,4741.0
07/12/2024 02:30:00,EDT,Natural Gas,4500.0
07/12/2024 02:30:00,EDT,Nuclear,3248.0
07/12/2024 02:30:00,EDT,Other Fossil Fuels,8.0
07/12/2024 02:30:00,EDT,Other Renewables,235.0
07/12/2024 02:30:00,EDT,Wind,41.0
07/12/2024 02:30:00,EDT,Hydro,2577.0
07/12/2024 02:35:00,EDT,Dual Fuel,4722.0
07/12/2024 02:35:00,EDT,Natural Gas,4513.0
07/12/2024 02:35:00,EDT,Nuclear,3248.0
07/12/2024 02:35:00,EDT,Other Fossil Fuels,8.0
07/12/2024 02:35:00,EDT,Other Renewables,237.0
07/12/2024 02:35:00,EDT,Wind,12.0
07/12/2024 02:35:00,EDT,Hydro,2541.0
07/12/2024 02:40:00,EDT,Dual Fuel,4682.0
07/12/2024 02:40:00,EDT,Natural Gas,4503.0
07/12/2024 02:40:00,EDT,Nuclear,3248.0
07/12/2024 02:40:00,EDT,Other Fossil Fuels,8.0
07/12/2024 02:40:00,EDT,Other Renewables,241.0
07/12/2024 02:40:00,EDT,Wind,8.0
07/12/2024 02:40:00,EDT,Hydro,2540.0
07/12/2024 02:45:00,EDT,Dual Fuel,4669.0
07/12/2024 02:45:00,EDT,Natural Gas,4494.0
07/12/2024 02:45:00,EDT,Nuclear,3248.0
07/12/2024 02:45:00,EDT,Other Fossil Fuels,8.0
07/12/2024 02:45:00,EDT,Other Renewables,240.0
07/12/2024 02:45:00,EDT,Wind,21.0
07/12/2024 02:45:00,EDT,Hydro,2529.0
07/12/2024 02:50:00,EDT,Dual Fuel,4623.0
07/12/2024 02:50:00,EDT,Natural Gas,4493.0
07/12/2024 02:50:00,EDT,Nuclear,3248.0
07/12/2024 02:50:00,EDT,Other Fossil Fuels,8.0
07/12/2024 02:50:00,EDT,Other Renewables,239.0
07/12/2024 02:50:00,EDT,Wind,86.0
07/12/2024 02:50:00,EDT,Hydro,2523.0
07/12/2024 02:55:00,EDT,Dual Fuel,4590.0
07/12/2024 02:55:00,EDT,Natural Gas,4488.0
07/12/2024 02:55:00,EDT,Nuclear,3249.0
07/12/2024 02:55:00,EDT,Other Fossil Fuels,8.0
07/12/2024 02:55:00,EDT,Other Renewables,242.0
07/12/2024 02:55:00,EDT,Wind,88.0
07/12/2024 02:55:00,EDT,Hydro,2505.0
07/12/2024 03:00:00,EDT,Dual Fuel,4515.0
07/12/2024 03:00:00,EDT,Natural Gas,4464.0
07/12/2024 03:00:00,EDT,Nuclear,3248.0
07/12/2024 03:00:00,EDT,Other Fossil Fuels,8.0
07/12/2024 03:00:00,EDT,Other Renewables,247.0
07/12/2024 03:00:00,EDT,Wind,89.0
07/12/2024 03:00:00,EDT,Hydro,2515.0
07/12/2024 03:05:00,EDT,Dual Fuel,4534.0
07/12/2024 03:05:00,EDT,Natural Gas,4455.0
07/12/2024 03:05:00,EDT,Nuclear,3248.0
07/12/2024 03:05:00,EDT,Other Fossil Fuels,8.0
07/12/2024 03:05:00,EDT,Other Renewables,247.0
07/12/2024 03:05:00,EDT,Wind,86.0
07/12/2024 03:05:00,EDT,Hydro,2585.0
07/12/2024 03:10:00,EDT,Dual Fuel,4621.0
07/12/2024 03:10:00,EDT,Natural Gas,4463.0
07/12/2024 03:10:00,EDT,Nuclear,3247.0
07/12/2024 03:10:00,EDT,Other Fossil Fuels,8.0
07/12/2024 03:10:00,EDT,Other Renewables,241.0
07/12/2024 03:10:00,EDT,Wind,72.0
07/12/2024 03:10:00,EDT,Hydro,2583.0
07/12/2024 03:15:00,EDT,Dual Fuel,4644.0
07/12/2024 03:15:00,EDT,Natural Gas,4474.0
07/12/2024 03:15:00,EDT,Nuclear,3248.0
07/12/2024 03:15:00,EDT,Other Fossil Fuels,8.0
07/12/2024 03:15:00,EDT,Other Renewables,241.0
07/12/2024 03:15:00,EDT,Wind,68.0
07/12/2024 03:15:00,EDT,Hydro,2574.0
07/12/2024 03:20:00,EDT,Dual Fuel,4616.0
07/12/2024 03:20:00,EDT,Natural Gas,4472.0
07/12/2024 03:20:00,EDT,Nuclear,3248.0
07/12/2024 03:20:00,EDT,Other Fossil Fuels,8.0
07/12/2024 03:20:00,EDT,Other Renewables,238.0
07/12/2024 03:20:00,EDT,Wind,76.0
07/12/2024 03:20:00,EDT,Hydro,2552.0
07/12/2024 03:25:00,EDT,Dual Fuel,4587.0
07/12/2024 03:25:00,EDT,Natural Gas,4471.0
07/12/2024 03:25:00,EDT,Nuclear,3249.0
07/12/2024 03:25:00,EDT,Other Fossil Fuels,8.0
07/12/2024 03:25:00,EDT,Other Renewables,237.0
07/12/2024 03:25:00,EDT,Wind,86.0
07/12/2024 03:25:00,EDT,Hydro,2546.0
07/12/2024 03:30:00,EDT,Dual Fuel,4545.0
07/12/2024 03:30:00,EDT,Natural Gas,4463.0
07/12/2024 03:30:00,EDT,Nuclear,3250.0
07/12/2024 03:30:00,EDT,Other Fossil Fuels,8.0
07/12/2024 03:30:00,EDT,Other Renewables,238.0
07/12/2024 03:30:00,EDT,Wind,99.0
07/12/2024 03:30:00,EDT,Hydro,2538.0
07/12/2024 03:35:00,EDT,Dual Fuel,4509.0
07/12/2024 03:35:00,EDT,Natural Gas,4452.0
07/12/2024 03:35:00,EDT,Nuclear,3249.0
07/12/2024 03:35:00,EDT,Other Fossil Fuels,8.0
07/12/2024 03:35:00,EDT,Other Renewables,239.0
07/12/2024 03:35:00,EDT,Wind,98.0
07/12/2024 03:35:00,EDT,Hydro,2559.0
07/12/2024 03:40:00,EDT,Dual Fuel,4461.0
07/12/2024 03:40:00,EDT,Natural Gas,4453.0
07/12/2024 03:40:00,EDT,Nuclear,3249.0
07/12/2024 03:40:00,EDT,Other Fossil Fuels,8.0
07/12/2024 03:40:00,EDT,Other Renewables,240.0
07/12/2024 03:40:00,EDT,Wind,98.0
07/12/2024 03:40:00,EDT,Hydro,2571.0
07/12/2024 03:45:00,EDT,Dual Fuel,4469.0
07/12/2024 03:45:00,EDT,Natural Gas,4476.0
07/12/2024 03:45:00,EDT,Nuclear,3249.0
07/12/2024 03:45:00,EDT,Other Fossil Fuels,8.0
07/12/2024 03:45:00,EDT,Other Renewables,240.0
07/12/2024 03:45:00,EDT,Wind,100.0
07/12/2024 03:45:00,EDT,Hydro,2570.0
07/12/2024 03:50:00,EDT,Dual Fuel,4449.0
07/12/2024 03:50:00,EDT,Natural Gas,4488.0
07/12/2024 03:50:00,EDT,Nuclear,3250.0
07/12/2024 03:50:00,EDT,Other Fossil Fuels,8.0
07/12/2024 03:50:00,EDT,Other Renewables,242.0
07/12/2024 03:50:00,EDT,Wind,105.0
07/12/2024 03:50:00,EDT,Hydro,2571.0
07/12/2024 03:55:00,EDT,Dual Fuel,4427.0
07/12/2024 03:55:00,EDT,Natural Gas,4487.0
07/12/2024 03:55:00,EDT,Nuclear,3251.0
07/12/2024 03:55:00,EDT,Other Fossil Fuels,8.0
07/12/2024 03:55:00,EDT,Other Renewables,243.0
07/12/2024 03:55:00,EDT,Wind,97.0
07/12/2024 03:55:00,EDT,Hydro,2574.0
07/12/2024 04:00:00,EDT,Dual Fuel,4404.0
07/12/2024 04:00:00,EDT,Natural Gas,4494.0
07/12/2024 04:00:00,EDT,Nuclear,3251.0
07/12/2024 04:00:00,EDT,Other Fossil Fuels,8.0
07/12/2024 04:00:00,EDT,Other Renewables,243.0
07/12/2024 04:00:00,EDT,Wind,81.0
07/12/2024 04:00:00,EDT,Hydro,2560.0
07/12/2024 04:05:00,EDT,Dual Fuel,4452.0
07/12/2024 04:05:00,EDT,Natural Gas,4509.0
07/12/2024 04:05:00,EDT,Nuclear,3252.0
07/12/2024 04:05:00,EDT,Other Fossil Fuels,8.0
07/12/2024 04:05:00,EDT,Other Renewables,252.0
07/12/2024 04:05:00,EDT,Wind,74.0
07/12/2024 04:05:00,EDT,Hydro,2531.0
07/12/2024 04:10:00,EDT,Dual Fuel,4546.0
07/12/2024 04:10:00,EDT,Natural Gas,4573.0
07/12/2024 04:10:00,EDT,Nuclear,3251.0
07/12/2024 04:10:00,EDT,Other Fossil Fuels,8.0
07/12/2024 04:10:00,EDT,Other Renewables,242.0
07/12/2024 04:10:00,EDT,Wind,74.0
07/12/2024 04:10:00,EDT,Hydro,2534.0
07/12/2024 04:15:00,EDT,Dual Fuel,4553.0
07/12/2024 04:15:00,EDT,Natural Gas,4601.0
07/12/2024 04:15:00,EDT,Nuclear,3251.0
07/12/2024 04:15:00,EDT,Other Fossil Fuels,8.0
07/12/2024 04:15:00,EDT,Other Renewables,246.0
07/12/2024 04:15:00,EDT,Wind,66.0
07/12/2024 04:15:00,EDT,Hydro,2498.0
07/12/2024 04:20:00,EDT,Dual Fuel,4564.0
07/12/2024 04:20:00,EDT,Natural Gas,4601.0
07/12/2024 04:20:00,EDT,Nuclear,3251.0
07/12/2024 04:20:00,EDT,Other Fossil Fuels,8.0
07/12/2024 04:20:00,EDT,Other Renewables,250.0
07/12/2024 04:20:00,EDT,Wind,11.0
07/12/2024 04:20:00,EDT,Hydro,2515.0
07/12/2024 04:25:00,EDT,Dual Fuel,4561.0
07/12/2024 04:25:00,EDT,Natural Gas,4616.0
07/12/2024 04:25:00,EDT,Nuclear,3250.0
07/12/2024 04:25:00,EDT,Other Fossil Fuels,8.0
07/12/2024 04:25:00,EDT,Other Renewables,249.0
07/12/2024 04:25:00,EDT,Wind,7.0
07/12/2024 04:25:00,EDT,Hydro,2503.0
07/12/2024 04:30:00,EDT,Dual Fuel,4561.0
07/12/2024 04:30:00,EDT,Natural Gas,4645.0
07/12/2024 04:30:00,EDT,Nuclear,3250.0
07/12/2024 04:30:00,EDT,Other Fossil Fuels,8.0
07/12/2024 04:30:00,EDT,Other Renewables,248.0
07/12/2024 04:30:00,EDT,Wind,7.0
07/12/2024 04:30:00,EDT,Hydro,2492.0
07/12/2024 04:35:00,EDT,Dual Fuel,4546.0
07/12/2024 04:35:00,EDT,Natural Gas,4663.0
07/12/2024 04:35:00,EDT,Nuclear,3249.0
07/12/2024 04:35:00,EDT,Other Fossil Fuels,8.0
07/12/2024 04:35:00,EDT,Other Renewables,251.0
07/12/2024 04:35:00,EDT,Wind,7.0
07/12/2024 04:35:00,EDT,Hydro,2503.0
07/12/2024 04:40:00,EDT,Dual Fuel,4556.0
07/12/2024 04:40:00,EDT,Natural Gas,4666.0
07/12/2024 04:40:00,EDT,Nuclear,3250.0
07/12/2024 04:40:00,EDT,Other Fossil Fuels,8.0
07/12/2024 04:40:00,EDT,Other Renewables,254.0
07/12/2024 04:40:00,EDT,Wind,7.0
07/12/2024 04:40:00,EDT,Hydro,2504.0
07/12/2024 04:45:00,EDT,Dual Fuel,4565.0
07/12/2024 04:45:00,EDT,Natural Gas,4685.0
07/12/2024 04:45:00,EDT,Nuclear,3249.0
07/12/2024 04:45:00,EDT,Other Fossil Fuels,8.0
07/12/2024 04:45:00,EDT,Other Renewables,253.0
07/12/2024 04:45:00,EDT,Wind,7.0
07/12/2024 04:45:00,EDT,Hydro,2501.0
07/12/2024 04:50:00,EDT,Dual Fuel,4565.0
07/12/2024 04:50:00,EDT,Natural Gas,4708.0
07/12/2024 04:50:00,EDT,Nuclear,3249.0
07/12/2024 04:50:00,EDT,Other Fossil Fuels,8.0
07/12/2024 04:50:00,EDT,Other Renewables,251.0
07/12/2024 04:50:00,EDT,Wind,7.0
07/12/2024 04:50:00,EDT,Hydro,2512.0
07/12/2024 04:55:00,EDT,Dual Fuel,4551.0
07/12/2024 04:55:00,EDT,Natural Gas,4718.0
07/12/2024 04:55:00,EDT,Nuclear,3249.0
07/12/2024 04:55:00,EDT,Other Fossil Fuels,8.0
07/12/2024 04:55:00,EDT,Other Renewables,251.0
07/12/2024 04:55:00,EDT,Wind,7.0
07/12/2024 04:55:00,EDT,Hydro,2515.0
07/12/2024 05:00:00,EDT,Dual Fuel,4563.0
07/12/2024 05:00:00,EDT,Natural Gas,4738.0
07/12/2024 05:00:00,EDT,Nuclear,3248.0
07/12/2024 05:00:00,EDT,Other Fossil Fuels,8.0
07/12/2024 05:00:00,EDT,Other Renewables,253.0
07/12/2024 05:00:00,EDT,Wind,6.0
07/12/2024 05:00:00,EDT,Hydro,2483.0
07/12/2024 05:05:00,EDT,Dual Fuel,4613.0
07/12/2024 05:05:00,EDT,Natural Gas,4745.0
07/12/2024 05:05:00,EDT,Nuclear,3250.0
07/12/2024 05:05:00,EDT,Other Fossil Fuels,8.0
07/12/2024 05:05:00,EDT,Other Renewables,252.0
07/12/2024 05:05:00,EDT,Wind,6.0
07/12/2024 05:05:00,EDT,Hydro,2410.0
07/12/2024 05:10:00,EDT,Dual Fuel,4578.0
07/12/2024 05:10:00,EDT,Natural Gas,4761.0
07/12/2024 05:10:00,EDT,Nuclear,3250.0
07/12/2024 05:10:00,EDT,Other Fossil Fuels,8.0
07/12/2024 05:10:00,EDT,Other Renewables,253.0
07/12/2024 05:10:00,EDT,Wind,7.0
07/12/2024 05:10:00,EDT,Hydro,2429.0
07/12/2024 05:15:00,EDT,Dual Fuel,4573.0
07/12/2024 05:15:00,EDT,Natural Gas,4776.0
07/12/2024 05:15:00,EDT,Nuclear,3250.0
07/12/2024 05:15:00,EDT,Other Fossil Fuels,8.0
07/12/2024 05:15:00,EDT,Other Renewables,254.0
07/12/2024 05:15:00,EDT,Wind,8.0
07/12/2024 05:15:00,EDT,Hydro,2476.0
07/12/2024 05:20:00,EDT,Dual Fuel,4594.0
07/12/2024 05:20:00,EDT,Natural Gas,4773.0
07/12/2024 05:20:00,EDT,Nuclear,3251.0
07/12/2024 05:20:00,EDT,Other Fossil Fuels,8.0
07/12/2024 05:20:00,EDT,Other Renewables,253.0
07/12/2024 05:20:00,EDT,Wind,7.0
07/12/2024 05:20:00,EDT,Hydro,2482.0
07/12/2024 05:25:00,EDT,Dual Fuel,4594.0
07/12/2024 05:25:00,EDT,Natural Gas,4775.0
07/12/2024 05:25:00,EDT,Nuclear,3251.0
07/12/2024 05:25:00,EDT,Other Fossil Fuels,8.0
07/12/2024 05:25:00,EDT,Other Renewables,254.0
07/12/2024 05:25:00,EDT,Wind,6.0
07/12/2024 05:25:00,EDT,Hydro,2482.0
07/12/2024 05:30:00,EDT,Dual Fuel,4609.0
07/12/2024 05:30:00,EDT,Natural Gas,4778.0
07/12/2024 05:30:00,EDT,Nuclear,3251.0
07/12/2024 05:30:00,EDT,Other Fossil Fuels,8.0
07/12/2024 05:30:00,EDT,Other Renewables,252.0
07/12/2024 05:30:00,EDT,Wind,6.0
07/12/2024 05:30:00,EDT,Hydro,2479.0
07/12/2024 05:35:00,EDT,Dual Fuel,4648.0
07/12/2024 05:35:00,EDT,Natural Gas,4779.0
07/12/2024 05:35:00,EDT,Nuclear,3251.0
07/12/2024 05:35:00,EDT,Other Fossil Fuels,8.0
07/12/2024 05:35:00,EDT,Other Renewables,252.0
07/12/2024 05:35:00,EDT,Wind,7.0
07/12/2024 05:35:00,EDT,Hydro,2498.0
07/12/2024 05:40:00,EDT,Dual Fuel,4686.0
07/12/2024 05:40:00,EDT,Natural Gas,4776.0
07/12/2024 05:40:00,EDT,Nuclear,3252.0
07/12/2024 05:40:00,EDT,Other Fossil Fuels,8.0
07/12/2024 05:40:00,EDT,Other Renewables,254.0
07/12/2024 05:40:00,EDT,Wind,19.0
07/12/2024 05:40:00,EDT,Hydro,2463.0
07/12/2024 05:45:00,EDT,Dual Fuel,4718.0
07/12/2024 05:45:00,EDT,Natural Gas,4789.0
07/12/2024 05:45:00,EDT,Nuclear,3252.0
07/12/2024 05:45:00,EDT,Other Fossil Fuels,8.0
07/12/2024 05:45:00,EDT,Other Renewables,258.0
07/12/2024 05:45:00,EDT,Wind,19.0
07/12/2024 05:45:00,EDT,Hydro,2486.0
07/12/2024 05:50:00,EDT,Dual Fuel,4733.0
07/12/2024 05:50:00,EDT,Natural Gas,4807.0
07/12/2024 05:50:00,EDT,Nuclear,3253.0
07/12/2024 05:50:00,EDT,Other Fossil Fuels,8.0
07/12/2024 05:50:00,EDT,Other Renewables,254.0
07/12/2024 05:50:00,EDT,Wind,19.0
07/12/2024 05:50:00,EDT,Hydro,2486.0
07/12/2024 05:55:00,EDT,Dual Fuel,4731.0
07/12/2024 05:55:00,EDT,Natural Gas,4806.0
07/12/2024 05:55:00,EDT,Nuclear,3252.0
07/12/2024 05:55:00,EDT,Other Fossil Fuels,8.0
07/12/2024 05:55:00,EDT,Other Renewables,257.0
07/12/2024 05:55:00,EDT,Wind,17.0
07/12/2024 05:55:00,EDT,Hydro,2466.0
07/12/2024 06:00:00,EDT,Dual Fuel,4767.0
07/12/2024 06:00:00,EDT,Natural Gas,4744.0
07/12/2024 06:00:00,EDT,Nuclear,3252.0
07/12/2024 06:00:00,EDT,Other Fossil Fuels,8.0
07/12/2024 06:00:00,EDT,Other Renewables,251.0
07/12/2024 06:00:00,EDT,Wind,16.0
07/12/2024 06:00:00,EDT,Hydro,2464.0
07/12/2024 06:05:00,EDT,Dual Fuel,4759.0
07/12/2024 06:05:00,EDT,Natural Gas,4700.0
07/12/2024 06:05:00,EDT,Nuclear,3252.0
07/12/2024 06:05:00,EDT,Other Fossil Fuels,8.0
07/12/2024 06:05:00,EDT,Other Renewables,263.0
07/12/2024 06:05:00,EDT,Wind,16.0
07/12/2024 06:05:00,EDT,Hydro,2500.0
07/12/2024 06:10:00,EDT,Dual Fuel,4760.0
07/12/2024 06:10:00,EDT,Natural Gas,4800.0
07/12/2024 06:10:00,EDT,Nuclear,3251.0
07/12/2024 06:10:00,EDT,Other Fossil Fuels,8.0
07/12/2024 06:10:00,EDT,Other Renewables,258.0
07/12/2024 06:10:00,EDT,Wind,17.0
07/12/2024 06:10:00,EDT,Hydro,2509.0
07/12/2024 06:15:00,EDT,Dual Fuel,4703.0
07/12/2024 06:15:00,EDT,Natural Gas,4811.0
07/12/2024 06:15:00,EDT,Nuclear,3253.0
07/12/2024 06:15:00,EDT,Other Fossil Fuels,8.0
07/12/2024 06:15:00,EDT,Other Renewables,262.0
07/12/2024 06:15:00,EDT,Wind,17.0
07/12/2024 06:15:00,EDT,Hydro,2466.0
07/12/2024 06:20:00,EDT,Dual Fuel,4715.0
07/12/2024 06:20:00,EDT,Natural Gas,4809.0
07/12/2024 06:20:00,EDT,Nuclear,3253.0
07/12/2024 06:20:00,EDT,Other Fossil Fuels,8.0
07/12/2024 06:20:00,EDT,Other Renewables,266.0
07/12/2024 06:20:00,EDT,Wind,17.0
07/12/2024 06:20:00,EDT,Hydro,2498.0
07/12/2024 06:25:00,EDT,Dual Fuel,4800.0
07/12/2024 06:25:00,EDT,Natural Gas,4804.0
07/12/2024 06:25:00,EDT,Nuclear,3251.0
07/12/2024 06:25:00,EDT,Other Fossil Fuels,8.0
07/12/2024 06:25:00,EDT,Other Renewables,264.0
07/12/2024 06:25:00,EDT,Wind,20.0
07/12/2024 06:25:00,EDT,Hydro,2517.0
07/12/2024 06:30:00,EDT,Dual Fuel,4844.0
07/12/2024 06:30:00,EDT,Natural Gas,4803.0
07/12/2024 06:30:00,EDT,Nuclear,3252.0
07/12/2024 06:30:00,EDT,Other Fossil Fuels,8.0
07/12/2024 06:30:00,EDT,Other Renewables,265.0
07/12/2024 06:30:00,EDT,Wind,50.0
07/12/2024 06:30:00,EDT,Hydro,2503.0
07/12/2024 06:35:00,EDT,Dual Fuel,4876.0
07/12/2024 06:35:00,EDT,Natural Gas,4815.0
07/12/2024 06:35:00,EDT,Nuclear,3251.0
07/12/2024 06:35:00,EDT,Other Fossil Fuels,8.0
07/12/2024 06:35:00,EDT,Other Renewables,264.0
07/12/2024 06:35:00,EDT,Wind,55.0
07/12/2024 06:35:00,EDT,Hydro,2511.0
07/12/2024 06:40:00,EDT,Dual Fuel,4903.0
07/12/2024 06:40:00,EDT,Natural Gas,4829.0
07/12/2024 06:40:00,EDT,Nuclear,3253.0
07/12/2024 06:40:00,EDT,Other Fossil Fuels,8.0
07/12/2024 06:40:00,EDT,Other Renewables,268.0
07/12/2024 06:40:00,EDT,Wind,60.0
07/12/2024 06:40:00,EDT,Hydro,2528.0
07/12/2024 06:45:00,EDT,Dual Fuel,4940.0
07/12/2024 06:45:00,EDT,Natural Gas,4857.0
07/12/2024 06:45:00,EDT,Nuclear,3253.0
07/12/2024 06:45:00,EDT,Other Fossil Fuels,8.0
07/12/2024 06:45:00,EDT,Other Renewables,278.0
07/12/2024 06:45:00,EDT,Wind,84.0
07/12/2024 06:45:00,EDT,Hydro,2538.0
07/12/2024 06:50:00,EDT,Dual Fuel,5057.0
07/12/2024 06:50:00,EDT,Natural Gas,4897.0
07/12/2024 06:50:00,EDT,Nuclear,3253.0
07/12/2024 06:50:00,EDT,Other Fossil Fuels,8.0
07/12/2024 06:50:00,EDT,Other Renewables,285.0
07/12/2024 06:50:00,EDT,Wind,106.0
07/12/2024 06:50:00,EDT,Hydro,2559.0
07/12/2024 06:55:00,EDT,Dual Fuel,5156.0
07/12/2024 06:55:00,EDT,Natural Gas,4933.0
07/12/2024 06:55:00,EDT,Nuclear,3252.0
07/12/2024 06:55:00,EDT,Other Fossil Fuels,8.0
07/12/2024 06:55:00,EDT,Other Renewables,291.0
07/12/2024 06:55:00,EDT,Wind,102.0
07/12/2024 06:55:00,EDT,Hydro,2563.0
07/12/2024 07:00:00,EDT,Dual Fuel,5167.0
07/12/2024 07:00:00,EDT,Natural Gas,4915.0
07/12/2024 07:00:00,EDT,Nuclear,3251.0
07/12/2024 07:00:00,EDT,Other Fossil Fuels,8.0
07/12/2024 07:00:00,EDT,Other Renewables,292.0
07/12/2024 07:00:00,EDT,Wind,87.0
07/12/2024 07:00:00,EDT,Hydro,2644.0
07/12/2024 07:05:00,EDT,Dual Fuel,5135.0
07/12/2024 07:05:00,EDT,Natural Gas,4812.0
07/12/2024 07:05:00,EDT,Nuclear,3251.0
07/12/2024 07:05:00,EDT,Other Fossil Fuels,8.0
07/12/2024 07:05:00,EDT,Other Renewables,288.0
07/12/2024 07:05:00,EDT,Wind,82.0
07/12/2024 07:05:00,EDT,Hydro,2735.0
07/12/2024 07:10:00,EDT,Dual Fuel,5146.0
07/12/2024 07:10:00,EDT,Natural Gas,4793.0
07/12/2024 07:10:00,EDT,Nuclear,3253.0
07/12/2024 07:10:00,EDT,Other Fossil Fuels,8.0
07/12/2024 07:10:00,EDT,Other Renewables,286.0
07/12/2024 07:10:00,EDT,Wind,71.0
07/12/2024 07:10:00,EDT,Hydro,2796.0
07/12/2024 07:15:00,EDT,Dual Fuel,5170.0
07/12/2024 07:15:00,EDT,Natural Gas,4804.0
07/12/2024 07:15:00,EDT,Nuclear,3250.0
07/12/2024 07:15:00,EDT,Other Fossil Fuels,8.0
07/12/2024 07:15:00,EDT,Other Renewables,290.0
07/12/2024 07:15:00,EDT,Wind,65.0
07/12/2024 07:15:00,EDT,Hydro,2935.0
07/12/2024 07:20:00,EDT,Dual Fuel,5198.0
07/12/2024 07:20:00,EDT,Natural Gas,4797.0
07/12/2024 07:20:00,EDT,Nuclear,3250.0
07/12/2024 07:20:00,EDT,Other Fossil Fuels,8.0
07/12/2024 07:20:00,EDT,Other Renewables,295.0
07/12/2024 07:20:00,EDT,Wind,64.0
07/12/2024 07:20:00,EDT,Hydro,3008.0
07/12/2024 07:25:00,EDT,Dual Fuel,5214.0
07/12/2024 07:25:00,EDT,Natural Gas,4812.0
07/12/2024 07:25:00,EDT,Nuclear,3251.0
07/12/2024 07:25:00,EDT,Other Fossil Fuels,8.0
07/12/2024 07:25:00,EDT,Other Renewables,301.0
07/12/2024 07:25:00,EDT,Wind,70.0
07/12/2024 07:25:00,EDT,Hydro,3006.0
07/12/2024 07:30:00,EDT,Dual Fuel,5222.0
07/12/2024 07:30:00,EDT,Natural Gas,4790.0
07/12/2024 07:30:00,EDT,Nuclear,3252.0
07/12/2024 07:30:00,EDT,Other Fossil Fuels,8.0
07/12/2024 07:30:00,EDT,Other Renewables,311.0
07/12/2024 07:30:00,EDT,Wind,74.0
07/12/2024 07:30:00,EDT,Hydro,2992.0
07/12/2024 07:35:00,EDT,Dual Fuel,5207.0
07/12/2024 07:35:00,EDT,Natural Gas,4761.0
07/12/2024 07:35:00,EDT,Nuclear,3251.0
07/12/2024 07:35:00,EDT,Other Fossil Fuels,8.0
07/12/2024 07:35:00,EDT,Other Renewables,318.0
07/12/2024 07:35:00,EDT,Wind,71.0
07/12/2024 07:35:00,EDT,Hydro,3004.0
07/12/2024 07:40:00,EDT,Dual Fuel,5195.0
07/12/2024 07:40:00,EDT,Natural Gas,4766.0
07/12/2024 07:40:00,EDT,Nuclear,3251.0
07/12/2024 07:40:00,EDT,Other Fossil Fuels,8.0
07/12/2024 07:40:00,EDT,Other Renewables,323.0
07/12/2024 07:40:00,EDT,Wind,70.0
07/12/2024 07:40:00,EDT,Hydro,3002.0
07/12/2024 07:45:00,EDT,Dual Fuel,5191.0
07/12/2024 07:45:00,EDT,Natural Gas,4829.0
07/12/2024 07:45:00,EDT,Nuclear,3251.0
07/12/2024 07:45:00,EDT,Other Fossil Fuels,8.0
07/12/2024 07:45:00,EDT,Other Renewables,333.0
07/12/2024 07:45:00,EDT,Wind,70.0
07/12/2024 07:45:00,EDT,Hydro,3027.0
07/12/2024 07:50:00,EDT,Dual Fuel,5234.0
07/12/2024 07:50:00,EDT,Natural Gas,4910.0
07/12/2024 07:50:00,EDT,Nuclear,3252.0
07/12/2024 07:50:00,EDT,Other Fossil Fuels,8.0
07/12/2024 07:50:00,EDT,Other Renewables,350.0
07/12/2024 07:50:00,EDT,Wind,73.0
07/12/2024 07:50:00,EDT,Hydro,3009.0
07/12/2024 07:55:00,EDT,Dual Fuel,5315.0
07/12/2024 07:55:00,EDT,Natural Gas,4959.0
07/12/2024 07:55:00,EDT,Nuclear,3252.0
07/12/2024 07:55:00,EDT,Other Fossil Fuels,8.0
07/12/2024 07:55:00,EDT,Other Renewables,353.0
07/12/2024 07:55:00,EDT,Wind,75.0
07/12/2024 07:55:00,EDT,Hydro,3033.0
07/12/2024 08:00:00,EDT,Dual Fuel,5357.0
07/12/2024 08:00:00,EDT,Natural Gas,4938.0
07/12/2024 08:00:00,EDT,Nuclear,3251.0
07/12/2024 08:00:00,EDT,Other Fossil Fuels,8.0
07/12/2024 08:00:00,EDT,Other Renewables,349.0
07/12/2024 08:00:00,EDT,Wind,76.0
07/12/2024 08:00:00,EDT,Hydro,3034.0
07/12/2024 08:05:00,EDT,Dual Fuel,5405.0
07/12/2024 08:05:00,EDT,Natural Gas,4881.0
07/12/2024 08:05:00,EDT,Nuclear,3250.0
07/12/2024 08:05:00,EDT,Other Fossil Fuels,8.0
07/12/2024 08:05:00,EDT,Other Renewables,350.0
07/12/2024 08:05:00,EDT,Wind,78.0
07/12/2024 08:05:00,EDT,Hydro,3010.0
07/12/2024 08:10:00,EDT,Dual Fuel,5457.0
07/12/2024 08:10:00,EDT,Natural Gas,4904.0
07/12/2024 08:10:00,EDT,Nuclear,3251.0
07/12/2024 08:10:00,EDT,Other Fossil Fuels,8.0
07/12/2024 08:10:00,EDT,Other Renewables,361.0
07/12/2024 08:10:00,EDT,Wind,74.0
07/12/2024 08:10:00,EDT,Hydro,3014.0
07/12/2024 08:15:00,EDT,Dual Fuel,5546.0
07/12/2024 08:15:00,EDT,Natural Gas,4882.0
07/12/2024 08:15:00,EDT,Nuclear,3251.0
07/12/2024 08:15:00,EDT,Other Fossil Fuels,8.0
07/12/2024 08:15:00,EDT,Other Renewables,363.0
07/12/2024 08:15:00,EDT,Wind,73.0
07/12/2024 08:15:00,EDT,Hydro,3021.0
07/12/2024 08:20:00,EDT,Dual Fuel,5576.0
07/12/2024 08:20:00,EDT,Natural Gas,4876.0
07/12/2024 08:20:00,EDT,Nuclear,3250.0
07/12/2024 08:20:00,EDT,Other Fossil Fuels,8.0
07/12/2024 08:20:00,EDT,Other Renewables,375.0
07/12/2024 08:20:00,EDT,Wind,70.0
07/12/2024 08:20:00,EDT,Hydro,2993.0
07/12/2024 08:25:00,EDT,Dual Fuel,5632.0
07/12/2024 08:25:00,EDT,Natural Gas,4877.0
07/12/2024 08:25:00,EDT,Nuclear,3250.0
07/12/2024 08:25:00,EDT,Other Fossil Fuels,8.0
07/12/2024 08:25:00,EDT,Other Renewables,380.0
07/12/2024 08:25:00,EDT,Wind,72.0
07/12/2024 08:25:00,EDT,Hydro,2943.0
07/12/2024 08:30:00,EDT,Dual Fuel,5660.0
07/12/2024 08:30:00,EDT,Natural Gas,4874.0
07/12/2024 08:30:00,EDT,Nuclear,3251.0
07/12/2024 08:30:00,EDT,Other Fossil Fuels,8.0
07/12/2024 08:30:00,EDT,Other Renewables,376.0
07/12/2024 08:30:00,EDT,Wind,77.0
07/12/2024 08:30:00,EDT,Hydro,2928.0
07/12/2024 08:35:00,EDT,Dual Fuel,5694.0
07/12/2024 08:35:00,EDT,Natural Gas,4867.0
07/12/2024 08:35:00,EDT,Nuclear,3250.0
07/12/2024 08:35:00,EDT,Other Fossil Fuels,8.0
07/12/2024 08:35:00,EDT,Other Renewables,383.0
07/12/2024 08:35:00,EDT,Wind,84.0
07/12/2024 08:35:00,EDT,Hydro,2927.0
07/12/2024 08:40:00,EDT,Dual Fuel,5723.0
07/12/2024 08:40:00,EDT,Natural Gas,4854.0
07/12/2024 08:40:00,EDT,Nuclear,3250.0
07/12/2024 08:40:00,EDT,Other Fossil Fuels,8.0
07/12/2024 08:40:00,EDT,Other Renewables,386.0
07/12/2024 08:40:00,EDT,Wind,87.0
07/12/2024 08:40:00,EDT,Hydro,2943.0
07/12/2024 08:45:00,EDT,Dual Fuel,5744.0
07/12/2024 08:45:00,EDT,Natural Gas,4851.0
07/12/2024 08:45:00,EDT,Nuclear,3249.0
07/12/2024 08:45:00,EDT,Other Fossil Fuels,8.0
07/12/2024 08:45:00,EDT,Other Renewables,393.0
07/12/2024 08:45:00,EDT,Wind,87.0
07/12/2024 08:45:00,EDT,Hydro,2977.0
07/12/2024 08:50:00,EDT,Dual Fuel,5757.0
07/12/2024 08:50:00,EDT,Natural Gas,4885.0
07/12/2024 08:50:00,EDT,Nuclear,3248.0
07/12/2024 08:50:00,EDT,Other Fossil Fuels,8.0
07/12/2024 08:50:00,EDT,Other Renewables,378.0
07/12/2024 08:50:00,EDT,Wind,78.0
07/12/2024 08:50:00,EDT,Hydro,3016.0
07/12/2024 08:55:00,EDT,Dual Fuel,5768.0
07/12/2024 08:55:00,EDT,Natural Gas,4941.0
07/12/2024 08:55:00,EDT,Nuclear,3249.0
07/12/2024 08:55:00,EDT,Other Fossil Fuels,8.0
07/12/2024 08:55:00,EDT,Other Renewables,375.0
07/12/2024 08:55:00,EDT,Wind,72.0
07/12/2024 08:55:00,EDT,Hydro,3042.0
07/12/2024 09:00:00,EDT,Dual Fuel,5790.0
07/12/2024 09:00:00,EDT,Natural Gas,4945.0
07/12/2024 09:00:00,EDT,Nuclear,3248.0
07/12/2024 09:00:00,EDT,Other Fossil Fuels,8.0
07/12/2024 09:00:00,EDT,Other Renewables,371.0
07/12/2024 09:00:00,EDT,Wind,66.0
07/12/2024 09:00:00,EDT,Hydro,3040.0
07/12/2024 09:05:00,EDT,Dual Fuel,5857.0
07/12/2024 09:05:00,EDT,Natural Gas,4907.0
07/12/2024 09:05:00,EDT,Nuclear,3249.0
07/12/2024 09:05:00,EDT,Other Fossil Fuels,8.0
07/12/2024 09:05:00,EDT,Other Renewables,387.0
07/12/2024 09:05:00,EDT,Wind,64.0
07/12/2024 09:05:00,EDT,Hydro,2939.0
07/12/2024 09:10:00,EDT,Dual Fuel,5879.0
07/12/2024 09:10:00,EDT,Natural Gas,4906.0
07/12/2024 09:10:00,EDT,Nuclear,3248.0
07/12/2024 09:10:00,EDT,Other Fossil Fuels,8.0
07/12/2024 09:10:00,EDT,Other Renewables,418.0
07/12/2024 09:10:00,EDT,Wind,61.0
07/12/2024 09:10:00,EDT,Hydro,2875.0
07/12/2024 09:15:00,EDT,Dual Fuel,5913.0
07/12/2024 09:15:00,EDT,Natural Gas,4909.0
07/12/2024 09:15:00,EDT,Nuclear,3250.0
07/12/2024 09:15:00,EDT,Other Fossil Fuels,8.0
07/12/2024 09:15:00,EDT,Other Renewables,420.0
07/12/2024 09:15:00,EDT,Wind,60.0
07/12/2024 09:15:00,EDT,Hydro,2882.0
07/12/2024 09:20:00,EDT,Dual Fuel,5912.0
07/12/2024 09:20:00,EDT,Natural Gas,4920.0
07/12/2024 09:20:00,EDT,Nuclear,3247.0
07/12/2024 09:20:00,EDT,Other Fossil Fuels,8.0
07/12/2024 09:20:00,EDT,Other Renewables,407.0
07/12/2024 09:20:00,EDT,Wind,58.0
07/12/2024 09:20:00,EDT,Hydro,2872.0
07/12/2024 09:25:00,EDT,Dual Fuel,5914.0
07/12/2024 09:25:00,EDT,Natural Gas,4916.0
07/12/2024 09:25:00,EDT,Nuclear,3247.0
07/12/2024 09:25:00,EDT,Other Fossil Fuels,10.0
07/12/2024 09:25:00,EDT,Other Renewables,391.0
07/12/2024 09:25:00,EDT,Wind,55.0
07/12/2024 09:25:00,EDT,Hydro,2929.0
07/12/2024 09:30:00,EDT,Dual Fuel,5939.0
07/12/2024 09:30:00,EDT,Natural Gas,4905.0
07/12/2024 09:30:00,EDT,Nuclear,3248.0
07/12/2024 09:30:00,EDT,Other Fossil Fuels,24.0
07/12/2024 09:30:00,EDT,Other Renewables,382.0
07/12/2024 09:30:00,EDT,Wind,58.0
07/12/2024 09:30:00,EDT,Hydro,2935.0
07/12/2024 09:35:00,EDT,Dual Fuel,5924.0
07/12/2024 09:35:00,EDT,Natural Gas,4910.0
07/12/2024 09:35:00,EDT,Nuclear,3248.0
07/12/2024 09:35:00,EDT,Other Fossil Fuels,25.0
07/12/2024 09:35:00,EDT,Other Renewables,395.0
07/12/2024 09:35:00,EDT,Wind,59.0
07/12/2024 09:35:00,EDT,Hydro,2934.0
07/12/2024 09:40:00,EDT,Dual Fuel,5909.0
07/12/2024 09:40:00,EDT,Natural Gas,4910.0
07/12/2024 09:40:00,EDT,Nuclear,3249.0
07/12/2024 09:40:00,EDT,Other Fossil Fuels,25.0
07/12/2024 09:40:00,EDT,Other Renewables,419.0
07/12/2024 09:40:00,EDT,Wind,59.0
07/12/2024 09:40:00,EDT,Hydro,2917.0
07/12/2024 09:45:00,EDT,Dual Fuel,5919.0
07/12/2024 09:45:00,EDT,Natural Gas,4919.0
07/12/2024 09:45:00,EDT,Nuclear,3249.0
07/12/2024 09:45:00,EDT,Other Fossil Fuels,25.0
07/12/2024 09:45:00,EDT,Other Renewables,451.0
07/12/2024 09:45:00,EDT,Wind,53.0
07/12/2024 09:45:00,EDT,Hydro,2911.0
07/12/2024 09:50:00,EDT,Dual Fuel,5924.0
07/12/2024 09:50:00,EDT,Natural Gas,4906.0
07/12/2024 09:50:00,EDT,Nuclear,3248.0
07/12/2024 09:50:00,EDT,Other Fossil Fuels,25.0
07/12/2024 09:50:00,EDT,Other Renewables,487.0
07/12/2024 09:50:00,EDT,Wind,55.0
07/12/2024 09:50:00,EDT,Hydro,2944.0
07/12/2024 09:55:00,EDT,Dual Fuel,5906.0
07/12/2024 09:55:00,EDT,Natural Gas,4929.0
07/12/2024 09:55:00,EDT,Nuclear,3247.0
07/12/2024 09:55:00,EDT,Other Fossil Fuels,25.0
07/12/2024 09:55:00,EDT,Other Renewables,456.0
07/12/2024 09:55:00,EDT,Wind,59.0
07/12/2024 09:55:00,EDT,Hydro,3010.0
07/12/2024 10:00:00,EDT,Dual Fuel,5887.0
07/12/2024 10:00:00,EDT,Natural Gas,4988.0
07/12/2024 10:00:00,EDT,Nuclear,3248.0
07/12/2024 10:00:00,EDT,Other Fossil Fuels,25.0
07/12/2024 10:00:00,EDT,Other Renewables,437.0
07/12/2024 10:00:00,EDT,Wind,58.0
07/12/2024 10:00:00,EDT,Hydro,3010.0
07/12/2024 10:05:00,EDT,Dual Fuel,5830.0
07/12/2024 10:05:00,EDT,Natural Gas,5078.0
07/12/2024 10:05:00,EDT,Nuclear,3248.0
07/12/2024 10:05:00,EDT,Other Fossil Fuels,25.0
07/12/2024 10:05:00,EDT,Other Renewables,452.0
07/12/2024 10:05:00,EDT,Wind,54.0
07/12/2024 10:05:00,EDT,Hydro,3003.0
07/12/2024 10:10:00,EDT,Dual Fuel,5848.0
07/12/2024 10:10:00,EDT,Natural Gas,5095.0
07/12/2024 10:10:00,EDT,Nuclear,3247.0
07/12/2024 10:10:00,EDT,Other Fossil Fuels,25.0
07/12/2024 10:10:00,EDT,Other Renewables,467.0
07/12/2024 10:10:00,EDT,Wind,54.0
07/12/2024 10:10:00,EDT,Hydro,3049.0
07/12/2024 10:15:00,EDT,Dual Fuel,5886.0
07/12/2024 10:15:00,EDT,Natural Gas,5154.0
07/12/2024 10:15:00,EDT,Nuclear,3247.0
07/12/2024 10:15:00,EDT,Other Fossil Fuels,25.0
07/12/2024 10:15:00,EDT,Other Renewables,443.0
07/12/2024 10:15:00,EDT,Wind,53.0
07/12/2024 10:15:00,EDT,Hydro,3006.0
07/12/2024 10:20:00,EDT,Dual Fuel,5920.0
07/12/2024 10:20:00,EDT,Natural Gas,5181.0
07/12/2024 10:20:00,EDT,Nuclear,3247.0
07/12/2024 10:20:00,EDT,Other Fossil Fuels,45.0
07/12/2024 10:20:00,EDT,Other Renewables,445.0
07/12/2024 10:20:00,EDT,Wind,53.0
07/12/2024 10:20:00,EDT,Hydro,3066.0
07/12/2024 10:25:00,EDT,Dual Fuel,5950.0
07/12/2024 10:25:00,EDT,Natural Gas,5199.0
07/12/2024 10:25:00,EDT,Nuclear,3245.0
07/12/2024 10:25:00,EDT,Other Fossil Fuels,74.0
07/12/2024 10:25:00,EDT,Other Renewables,463.0
07/12/2024 10:25:00,EDT,Wind,58.0
07/12/2024 10:25:00,EDT,Hydro,3086.0
07/12/2024 10:30:00,EDT,Dual Fuel,5970.0
07/12/2024 10:30:00,EDT,Natural Gas,5212.0
07/12/2024 10:30:00,EDT,Nuclear,3246.0
07/12/2024 10:30:00,EDT,Other Fossil Fuels,54.0
07/12/2024 10:30:00,EDT,Other Renewables,478.0
07/12/2024 10:30:00,EDT,Wind,62.0
07/12/2024 10:30:00,EDT,Hydro,3101.0
07/12/2024 10:35:00,EDT,Dual Fuel,5936.0
07/12/2024 10:35:00,EDT,Natural Gas,5190.0
07/12/2024 10:35:00,EDT,Nuclear,3246.0
07/12/2024 10:35:00,EDT,Other Fossil Fuels,25.0
07/12/2024 10:35:00,EDT,Other Renewables,467.0
07/12/2024 10:35:00,EDT,Wind,66.0
07/12/2024 10:35:00,EDT,Hydro,3111.0
07/12/2024 10:40:00,EDT,Dual Fuel,5936.0
07/12/2024 10:40:00,EDT,Natural Gas,5197.0
07/12/2024 10:40:00,EDT,Nuclear,3245.0
07/12/2024 10:40:00,EDT,Other Fossil Fuels,25.0
07/12/2024 10:40:00,EDT,Other Renewables,459.0
07/12/2024 10:40:00,EDT,Wind,63.0
07/12/2024 10:40:00,EDT,Hydro,3114.0
07/12/2024 10:45:00,EDT,Dual Fuel,5975.0
07/12/2024 10:45:00,EDT,Natural Gas,5196.0
07/12/2024 10:45:00,EDT,Nuclear,3244.0
07/12/2024 10:45:00,EDT,Other Fossil Fuels,25.0
07/12/2024 10:45:00,EDT,Other Renewables,471.0
07/12/2024 10:45:00,EDT,Wind,63.0
07/12/2024 10:45:00,EDT,Hydro,3143.0
07/12/2024 10:50:00,EDT,Dual Fuel,6021.0
07/12/2024 10:50:00,EDT,Natural Gas,5197.0
07/12/2024 10:50:00,EDT,Nuclear,3245.0
07/12/2024 10:50:00,EDT,Other Fossil Fuels,25.0
07/12/2024 10:50:00,EDT,Other Renewables,483.0
07/12/2024 10:50:00,EDT,Wind,67.0
07/12/2024 10:50:00,EDT,Hydro,3145.0
07/12/2024 10:55:00,EDT,Dual Fuel,6072.0
07/12/2024 10:55:00,EDT,Natural Gas,5193.0
07/12/2024 10:55:00,EDT,Nuclear,3244.0
07/12/2024 10:55:00,EDT,Other Fossil Fuels,25.0
07/12/2024 10:55:00,EDT,Other Renewables,477.0
07/12/2024 10:55:00,EDT,Wind,68.0
07/12/2024 10:55:00,EDT,Hydro,3069.0
07/12/2024 11:00:00,EDT,Dual Fuel,6112.0
07/12/2024 11:00:00,EDT,Natural Gas,5191.0
07/12/2024 11:00:00,EDT,Nuclear,3244.0
07/12/2024 11:00:00,EDT,Other Fossil Fuels,25.0
07/12/2024 11:00:00,EDT,Other Renewables,500.0
07/12/2024 11:00:00,EDT,Wind,77.0
07/12/2024 11:00:00,EDT,Hydro,3035.0
07/12/2024 11:05:00,EDT,Dual Fuel,6121.0
07/12/2024 11:05:00,EDT,Natural Gas,5175.0
07/12/2024 11:05:00,EDT,Nuclear,3245.0
07/12/2024 11:05:00,EDT,Other Fossil Fuels,25.0
07/12/2024 11:05:00,EDT,Other Renewables,515.0
07/12/2024 11:05:00,EDT,Wind,85.0
07/12/2024 11:05:00,EDT,Hydro,3042.0
07/12/2024 11:10:00,EDT,Dual Fuel,6137.0
07/12/2024 11:10:00,EDT,Natural Gas,5162.0
07/12/2024 11:10:00,EDT,Nuclear,3244.0
07/12/2024 11:10:00,EDT,Other Fossil Fuels,25.0
07/12/2024 11:10:00,EDT,Other Renewables,525.0
07/12/2024 11:10:00,EDT,Wind,92.0
07/12/2024 11:10:00,EDT,Hydro,3044.0
07/12/2024 11:15:00,EDT,Dual Fuel,6207.0
07/12/2024 11:15:00,EDT,Natural Gas,5174.0
07/12/2024 11:15:00,EDT,Nuclear,3243.0
07/12/2024 11:15:00,EDT,Other Fossil Fuels,25.0
07/12/2024 11:15:00,EDT,Other Renewables,501.0
07/12/2024 11:15:00,EDT,Wind,96.0
07/12/2024 11:15:00,EDT,Hydro,3074.0
07/12/2024 11:20:00,EDT,Dual Fuel,6265.0
07/12/2024 11:20:00,EDT,Natural Gas,5201.0
07/12/2024 11:20:00,EDT,Nuclear,3243.0
07/12/2024 11:20:00,EDT,Other Fossil Fuels,25.0
07/12/2024 11:20:00,EDT,Other Renewables,484.0
07/12/2024 11:20:00,EDT,Wind,99.0
07/12/2024 11:20:00,EDT,Hydro,3071.0
07/12/2024 11:25:00,EDT,Dual Fuel,6285.0
07/12/2024 11:25:00,EDT,Natural Gas,5203.0
07/12/2024 11:25:00,EDT,Nuclear,3243.0
07/12/2024 11:25:00,EDT,Other Fossil Fuels,25.0
07/12/2024 11:25:00,EDT,Other Renewables,492.0
07/12/2024 11:25:00,EDT,Wind,101.0
07/12/2024 11:25:00,EDT,Hydro,3063.0
07/12/2024 11:30:00,EDT,Dual Fuel,6335.0
07/12/2024 11:30:00,EDT,Natural Gas,5208.0
07/12/2024 11:30:00,EDT,Nuclear,3243.0
07/12/2024 11:30:00,EDT,Other Fossil Fuels,25.0
07/12/2024 11:30:00,EDT,Other Renewables,504.0
07/12/2024 11:30:00,EDT,Wind,105.0
07/12/2024 11:30:00,EDT,Hydro,3094.0
07/12/2024 11:35:00,EDT,Dual Fuel,6436.0
07/12/2024 11:35:00,EDT,Natural Gas,5213.0
07/12/2024 11:35:00,EDT,Nuclear,3242.0
07/12/2024 11:35:00,EDT,Other Fossil Fuels,25.0
07/12/2024 11:35:00,EDT,Other Renewables,508.0
07/12/2024 11:35:00,EDT,Wind,109.0
07/12/2024 11:35:00,EDT,Hydro,3122.0
07/12/2024 11:40:00,EDT,Dual Fuel,6538.0
07/12/2024 11:40:00,EDT,Natural Gas,5217.0
07/12/2024 11:40:00,EDT,Nuclear,3243.0
07/12/2024 11:40:00,EDT,Other Fossil Fuels,25.0
07/12/2024 11:40:00,EDT,Other Renewables,512.0
07/12/2024 11:40:00,EDT,Wind,110.0
07/12/2024 11:40:00,EDT,Hydro,3164.0
07/12/2024 11:45:00,EDT,Dual Fuel,6580.0
07/12/2024 11:45:00,EDT,Natural Gas,5223.0
07/12/2024 11:45:00,EDT,Nuclear,3243.0
07/12/2024 11:45:00,EDT,Other Fossil Fuels,25.0
07/12/2024 11:45:00,EDT,Other Renewables,517.0
07/12/2024 11:45:00,EDT,Wind,109.0
07/12/2024 11:45:00,EDT,Hydro,3152.0
07/12/2024 11:50:00,EDT,Dual Fuel,6665.0
07/12/2024 11:50:00,EDT,Natural Gas,5229.0
07/12/2024 11:50:00,EDT,Nuclear,3242.0
07/12/2024 11:50:00,EDT,Other Fossil Fuels,25.0
07/12/2024 11:50:00,EDT,Other Renewables,524.0
07/12/2024 11:50:00,EDT,Wind,108.0
07/12/2024 11:50:00,EDT,Hydro,3148.0
07/12/2024 11:55:00,EDT,Dual Fuel,6761.0
07/12/2024 11:55:00,EDT,Natural Gas,5269.0
07/12/2024 11:55:00,EDT,Nuclear,3242.0
07/12/2024 11:55:00,EDT,Other Fossil Fuels,25.0
07/12/2024 11:55:00,EDT,Other Renewables,515.0
07/12/2024 11:55:00,EDT,Wind,109.0
07/12/2024 11:55:00,EDT,Hydro,3151.0
07/12/2024 12:00:00,EDT,Dual Fuel,6864.0
07/12/2024 12:00:00,EDT,Natural Gas,5272.0
07/12/2024 12:00:00,EDT,Nuclear,3243.0
07/12/2024 12:00:00,EDT,Other Fossil Fuels,25.0
07/12/2024 12:00:00,EDT,Other Renewables,520.0
07/12/2024 12:00:00,EDT,Wind,109.0
07/12/2024 12:00:00,EDT,Hydro,3140.0
07/12/2024 12:05:00,EDT,Dual Fuel,7111.0
07/12/2024 12:05:00,EDT,Natural Gas,5277.0
07/12/2024 12:05:00,EDT,Nuclear,3241.0
07/12/2024 12:05:00,EDT,Other Fossil Fuels,25.0
07/12/2024 12:05:00,EDT,Other Renewables,531.0
07/12/2024 12:05:00,EDT,Wind,107.0
07/12/2024 12:05:00,EDT,Hydro,3143.0
07/12/2024 12:10:00,EDT,Dual Fuel,7214.0
07/12/2024 12:10:00,EDT,Natural Gas,5284.0
07/12/2024 12:10:00,EDT,Nuclear,3241.0
07/12/2024 12:10:00,EDT,Other Fossil Fuels,29.0
07/12/2024 12:10:00,EDT,Other Renewables,499.0
07/12/2024 12:10:00,EDT,Wind,107.0
07/12/2024 12:10:00,EDT,Hydro,3237.0
07/12/2024 12:15:00,EDT,Dual Fuel,7305.0
07/12/2024 12:15:00,EDT,Natural Gas,5291.0
07/12/2024 12:15:00,EDT,Nuclear,3242.0
07/12/2024 12:15:00,EDT,Other Fossil Fuels,30.0
07/12/2024 12:15:00,EDT,Other Renewables,503.0
07/12/2024 12:15:00,EDT,Wind,109.0
07/12/2024 12:15:00,EDT,Hydro,3229.0
07/12/2024 12:20:00,EDT,Dual Fuel,7462.0
07/12/2024 12:20:00,EDT,Natural Gas,5296.0
07/12/2024 12:20:00,EDT,Nuclear,3240.0
07/12/2024 12:20:00,EDT,Other Fossil Fuels,30.0
07/12/2024 12:20:00,EDT,Other Renewables,517.0
07/12/2024 12:20:00,EDT,Wind,110.0
07/12/2024 12:20:00,EDT,Hydro,3249.0
07/12/2024 12:25:00,EDT,Dual Fuel,7544.0
07/12/2024 12:25:00,EDT,Natural Gas,5286.0
07/12/2024 12:25:00,EDT,Nuclear,3241.0
07/12/2024 12:25:00,EDT,Other Fossil Fuels,30.0
07/12/2024 12:25:00,EDT,Other Renewables,502.0
07/12/2024 12:25:00,EDT,Wind,110.0
07/12/2024 12:25:00,EDT,Hydro,3266.0
07/12/2024 12:30:00,EDT,Dual Fuel,7600.0
07/12/2024 12:30:00,EDT,Natural Gas,5292.0
07/12/2024 12:30:00,EDT,Nuclear,3240.0
07/12/2024 12:30:00,EDT,Other Fossil Fuels,30.0
07/12/2024 12:30:00,EDT,Other Renewables,480.0
07/12/2024 12:30:00,EDT,Wind,111.0
07/12/2024 12:30:00,EDT,Hydro,3223.0
07/12/2024 12:35:00,EDT,Dual Fuel,7569.0
07/12/2024 12:35:00,EDT,Natural Gas,5302.0
07/12/2024 12:35:00,EDT,Nuclear,3240.0
07/12/2024 12:35:00,EDT,Other Fossil Fuels,30.0
07/12/2024 12:35:00,EDT,Other Renewables,488.0
07/12/2024 12:35:00,EDT,Wind,110.0
07/12/2024 12:35:00,EDT,Hydro,3224.0
07/12/2024 12:40:00,EDT,Dual Fuel,7578.0
07/12/2024 12:40:00,EDT,Natural Gas,5308.0
07/12/2024 12:40:00,EDT,Nuclear,3239.0
07/12/2024 12:40:00,EDT,Other Fossil Fuels,30.0
07/12/2024 12:40:00,EDT,Other Renewables,495.0
07/12/2024 12:40:00,EDT,Wind,108.0
07/12/2024 12:40:00,EDT,Hydro,3242.0
07/12/2024 12:45:00,EDT,Dual Fuel,7595.0
07/12/2024 12:45:00,EDT,Natural Gas,5311.0
07/12/2024 12:45:00,EDT,Nuclear,3240.0
07/12/2024 12:45:00,EDT,Other Fossil Fuels,30.0
07/12/2024 12:45:00,EDT,Other Renewables,491.0
07/12/2024 12:45:00,EDT,Wind,110.0
07/12/2024 12:45:00,EDT,Hydro,3259.0
07/12/2024 12:50:00,EDT,Dual Fuel,7675.0
07/12/2024 12:50:00,EDT,Natural Gas,5329.0
07/12/2024 12:50:00,EDT,Nuclear,3239.0
07/12/2024 12:50:00,EDT,Other Fossil Fuels,30.0
07/12/2024 12:50:00,EDT,Other Renewables,463.0
07/12/2024 12:50:00,EDT,Wind,113.0
07/12/2024 12:50:00,EDT,Hydro,3305.0
07/12/2024 12:55:00,EDT,Dual Fuel,7763.0
07/12/2024 12:55:00,EDT,Natural Gas,5331.0
07/12/2024 12:55:00,EDT,Nuclear,3240.0
07/12/2024 12:55:00,EDT,Other Fossil Fuels,30.0
07/12/2024 12:55:00,EDT,Other Renewables,455.0
07/12/2024 12:55:00,EDT,Wind,112.0
07/12/2024 12:55:00,EDT,Hydro,3358.0
07/12/2024 13:00:00,EDT,Dual Fuel,7856.0
07/12/2024 13:00:00,EDT,Natural Gas,5473.0
07/12/2024 13:00:00,EDT,Nuclear,3241.0
07/12/2024 13:00:00,EDT,Other Fossil Fuels,30.0
07/12/2024 13:00:00,EDT,Other Renewables,467.0
07/12/2024 13:00:00,EDT,Wind,111.0
07/12/2024 13:00:00,EDT,Hydro,3316.0
07/12/2024 13:05:00,EDT,Dual Fuel,7995.0
07/12/2024 13:05:00,EDT,Natural Gas,5577.0
07/12/2024 13:05:00,EDT,Nuclear,3240.0
07/12/2024 13:05:00,EDT,Other Fossil Fuels,30.0
07/12/2024 13:05:00,EDT,Other Renewables,485.0
07/12/2024 13:05:00,EDT,Wind,111.0
07/12/2024 13:05:00,EDT,Hydro,3288.0
07/12/2024 13:10:00,EDT,Dual Fuel,8113.0
07/12/2024 13:10:00,EDT,Natural Gas,5584.0
07/12/2024 13:10:00,EDT,Nuclear,3238.0
07/12/2024 13:10:00,EDT,Other Fossil Fuels,30.0
07/12/2024 13:10:00,EDT,Other Renewables,502.0
07/12/2024 13:10:00,EDT,Wind,110.0
07/12/2024 13:10:00,EDT,Hydro,3366.0
07/12/2024 13:15:00,EDT,Dual Fuel,8222.0
07/12/2024 13:15:00,EDT,Natural Gas,5583.0
07/12/2024 13:15:00,EDT,Nuclear,3240.0
07/12/2024 13:15:00,EDT,Other Fossil Fuels,30.0
07/12/2024 13:15:00,EDT,Other Renewables,501.0
07/12/2024 13:15:00,EDT,Wind,110.0
07/12/2024 13:15:00,EDT,Hydro,3327.0
07/12/2024 13:20:00,EDT,Dual Fuel,8307.0
07/12/2024 13:20:00,EDT,Natural Gas,5586.0
07/12/2024 13:20:00,EDT,Nuclear,3240.0
07/12/2024 13:20:00,EDT,Other Fossil Fuels,30.0
07/12/2024 13:20:00,EDT,Other Renewables,472.0
07/12/2024 13:20:00,EDT,Wind,112.0
07/12/2024 13:20:00,EDT,Hydro,3290.0
07/12/2024 13:25:00,EDT,Dual Fuel,8360.0
07/12/2024 13:25:00,EDT,Natural Gas,5594.0
07/12/2024 13:25:00,EDT,Nuclear,3240.0
07/12/2024 13:25:00,EDT,Other Fossil Fuels,30.0
07/12/2024 13:25:00,EDT,Other Renewables,475.0
07/12/2024 13:25:00,EDT,Wind,114.0
07/12/2024 13:25:00,EDT,Hydro,3287.0
07/12/2024 13:30:00,EDT,Dual Fuel,8371.0
07/12/2024 13:30:00,EDT,Natural Gas,5594.0
07/12/2024 13:30:00,EDT,Nuclear,3240.0
07/12/2024 13:30:00,EDT,Other Fossil Fuels,37.0
07/12/2024 13:30:00,EDT,Other Renewables,505.0
07/12/2024 13:30:00,EDT,Wind,118.0
07/12/2024 13:30:00,EDT,Hydro,3270.0
07/12/2024 13:35:00,EDT,Dual Fuel,8372.0
07/12/2024 13:35:00,EDT,Natural Gas,5594.0
07/12/2024 13:35:00,EDT,Nuclear,3239.0
07/12/2024 13:35:00,EDT,Other Fossil Fuels,75.0
07/12/2024 13:35:00,EDT,Other Renewables,526.0
07/12/2024 13:35:00,EDT,Wind,122.0
07/12/2024 13:35:00,EDT,Hydro,3273.0
07/12/2024 13:40:00,EDT,Dual Fuel,8374.0
07/12/2024 13:40:00,EDT,Natural Gas,5597.0
07/12/2024 13:40:00,EDT,Nuclear,3241.0
07/12/2024 13:40:00,EDT,Other Fossil Fuels,77.0
07/12/2024 13:40:00,EDT,Other Renewables,538.0
07/12/2024 13:40:00,EDT,Wind,124.0
07/12/2024 13:40:00,EDT,Hydro,3280.0
07/12/2024 13:45:00,EDT,Dual Fuel,8379.0
07/12/2024 13:45:00,EDT,Natural Gas,5598.0
07/12/2024 13:45:00,EDT,Nuclear,3240.0
07/12/2024 13:45:00,EDT,Other Fossil Fuels,77.0
07/12/2024 13:45:00,EDT,Other Renewables,545.0
07/12/2024 13:45:00,EDT,Wind,123.0
07/12/2024 13:45:00,EDT,Hydro,3300.0
07/12/2024 13:50:00,EDT,Dual Fuel,8435.0
07/12/2024 13:50:00,EDT,Natural Gas,5601.0
07/12/2024 13:50:00,EDT,Nuclear,3239.0
07/12/2024 13:50:00,EDT,Other Fossil Fuels,78.0
07/12/2024 13:50:00,EDT,Other Renewables,514.0
07/12/2024 13:50:00,EDT,Wind,122.0
07/12/2024 13:50:00,EDT,Hydro,3297.0
07/12/2024 13:55:00,EDT,Dual Fuel,8456.0
07/12/2024 13:55:00,EDT,Natural Gas,5603.0
07/12/2024 13:55:00,EDT,Nuclear,3240.0
07/12/2024 13:55:00,EDT,Other Fossil Fuels,77.0
07/12/2024 13:55:00,EDT,Other Renewables,521.0
07/12/2024 13:55:00,EDT,Wind,121.0
07/12/2024 13:55:00,EDT,Hydro,3357.0
07/12/2024 14:00:00,EDT,Dual Fuel,8486.0
07/12/2024 14:00:00,EDT,Natural Gas,5628.0
07/12/2024 14:00:00,EDT,Nuclear,3239.0
07/12/2024 14:00:00,EDT,Other Fossil Fuels,77.0
07/12/2024 14:00:00,EDT,Other Renewables,537.0
07/12/2024 14:00:00,EDT,Wind,119.0
07/12/2024 14:00:00,EDT,Hydro,3381.0
07/12/2024 14:05:00,EDT,Dual Fuel,8563.0
07/12/2024 14:05:00,EDT,Natural Gas,5672.0
07/12/2024 14:05:00,EDT,Nuclear,3240.0
07/12/2024 14:05:00,EDT,Other Fossil Fuels,77.0
07/12/2024 14:05:00,EDT,Other Renewables,552.0
07/12/2024 14:05:00,EDT,Wind,118.0
07/12/2024 14:05:00,EDT,Hydro,3449.0
07/12/2024 14:10:00,EDT,Dual Fuel,8606.0
07/12/2024 14:10:00,EDT,Natural Gas,5670.0
07/12/2024 14:10:00,EDT,Nuclear,3242.0
07/12/2024 14:10:00,EDT,Other Fossil Fuels,77.0
07/12/2024 14:10:00,EDT,Other Renewables,540.0
07/12/2024 14:10:00,EDT,Wind,118.0
07/12/2024 14:10:00,EDT,Hydro,3436.0
07/12/2024 14:15:00,EDT,Dual Fuel,8663.0
07/12/2024 14:15:00,EDT,Natural Gas,5664.0
07/12/2024 14:15:00,EDT,Nuclear,3240.0
07/12/2024 14:15:00,EDT,Other Fossil Fuels,78.0
07/12/2024 14:15:00,EDT,Other Renewables,528.0
07/12/2024 14:15:00,EDT,Wind,120.0
07/12/2024 14:15:00,EDT,Hydro,3463.0
07/12/2024 14:20:00,EDT,Dual Fuel,8747.0
07/12/2024 14:20:00,EDT,Natural Gas,5670.0
07/12/2024 14:20:00,EDT,Nuclear,3239.0
07/12/2024 14:20:00,EDT,Other Fossil Fuels,78.0
07/12/2024 14:20:00,EDT,Other Renewables,532.0
07/12/2024 14:20:00,EDT,Wind,120.0
07/12/2024 14:20:00,EDT,Hydro,3537.0
07/12/2024 14:25:00,EDT,Dual Fuel,8797.0
07/12/2024 14:25:00,EDT,Natural Gas,5713.0
07/12/2024 14:25:00,EDT,Nuclear,3240.0
07/12/2024 14:25:00,EDT,Other Fossil Fuels,77.0
07/12/2024 14:25:00,EDT,Other Renewables,510.0
07/12/2024 14:25:00,EDT,Wind,121.0
07/12/2024 14:25:00,EDT,Hydro,3521.0
07/12/2024 14:30:00,EDT,Dual Fuel,8829.0
07/12/2024 14:30:00,EDT,Natural Gas,5768.0
07/12/2024 14:30:00,EDT,Nuclear,3240.0
07/12/2024 14:30:00,EDT,Other Fossil Fuels,77.0
07/12/2024 14:30:00,EDT,Other Renewables,503.0
07/12/2024 14:30:00,EDT,Wind,122.0
07/12/2024 14:30:00,EDT,Hydro,3544.0
07/12/2024 14:35:00,EDT,Dual Fuel,8838.0
07/12/2024 14:35:00,EDT,Natural Gas,5819.0
07/12/2024 14:35:00,EDT,Nuclear,3238.0
07/12/2024 14:35:00,EDT,Other Fossil Fuels,78.0
07/12/2024 14:35:00,EDT,Other Renewables,488.0
07/12/2024 14:35:00,EDT,Wind,122.0
07/12/2024 14:35:00,EDT,Hydro,3550.0
07/12/2024 14:40:00,EDT,Dual Fuel,8835.0
07/12/2024 14:40:00,EDT,Natural Gas,5855.0
07/12/2024 14:40:00,EDT,Nuclear,3239.0
07/12/2024 14:40:00,EDT,Other Fossil Fuels,79.0
07/12/2024 14:40:00,EDT,Other Renewables,483.0
07/12/2024 14:40:00,EDT,Wind,121.0
07/12/2024 14:40:00,EDT,Hydro,3553.0
07/12/2024 14:45:00,EDT,Dual Fuel,8847.0
07/12/2024 14:45:00,EDT,Natural Gas,5870.0
07/12/2024 14:45:00,EDT,Nuclear,3241.0
07/12/2024 14:45:00,EDT,Other Fossil Fuels,81.0
07/12/2024 14:45:00,EDT,Other Renewables,504.0
07/12/2024 14:45:00,EDT,Wind,121.0
07/12/2024 14:45:00,EDT,Hydro,3527.0
07/12/2024 14:50:00,EDT,Dual Fuel,8838.0
07/12/2024 14:50:00,EDT,Natural Gas,5869.0
07/12/2024 14:50:00,EDT,Nuclear,3241.0
07/12/2024 14:50:00,EDT,Other Fossil Fuels,77.0
07/12/2024 14:50:00,EDT,Other Renewables,494.0
07/12/2024 14:50:00,EDT,Wind,118.0
07/12/2024 14:50:00,EDT,Hydro,3485.0
07/12/2024 14:55:00,EDT,Dual Fuel,8844.0
07/12/2024 14:55:00,EDT,Natural Gas,5837.0
07/12/2024 14:55:00,EDT,Nuclear,3241.0
07/12/2024 14:55:00,EDT,Other Fossil Fuels,77.0
07/12/2024 14:55:00,EDT,Other Renewables,500.0
07/12/2024 14:55:00,EDT,Wind,119.0
07/12/2024 14:55:00,EDT,Hydro,3439.0
07/12/2024 15:00:00,EDT,Dual Fuel,8839.0
07/12/2024 15:00:00,EDT,Natural Gas,5891.0
07/12/2024 15:00:00,EDT,Nuclear,3240.0
07/12/2024 15:00:00,EDT,Other Fossil Fuels,78.0
07/12/2024 15:00:00,EDT,Other Renewables,478.0
07/12/2024 15:00:00,EDT,Wind,120.0
07/12/2024 15:00:00,EDT,Hydro,3426.0
07/12/2024 15:05:00,EDT,Dual Fuel,8843.0
07/12/2024 15:05:00,EDT,Natural Gas,5913.0
07/12/2024 15:05:00,EDT,Nuclear,3240.0
07/12/2024 15:05:00,EDT,Other Fossil Fuels,77.0
07/12/2024 15:05:00,EDT,Other Renewables,467.0
07/12/2024 15:05:00,EDT,Wind,118.0
07/12/2024 15:05:00,EDT,Hydro,3372.0
07/12/2024 15:10:00,EDT,Dual Fuel,8858.0
07/12/2024 15:10:00,EDT,Natural Gas,5906.0
07/12/2024 15:10:00,EDT,Nuclear,3240.0
07/12/2024 15:10:00,EDT,Other Fossil Fuels,78.0
07/12/2024 15:10:00,EDT,Other Renewables,469.0
07/12/2024 15:10:00,EDT,Wind,117.0
07/12/2024 15:10:00,EDT,Hydro,3457.0
07/12/2024 15:15:00,EDT,Dual Fuel,8868.0
07/12/2024 15:15:00,EDT,Natural Gas,5896.0
07/12/2024 15:15:00,EDT,Nuclear,3241.0
07/12/2024 15:15:00,EDT,Other Fossil Fuels,78.0
07/12/2024 15:15:00,EDT,Other Renewables,480.0
07/12/2024 15:15:00,EDT,Wind,116.0
07/12/2024 15:15:00,EDT,Hydro,3498.0
07/12/2024 15:20:00,EDT,Dual Fuel,8867.0
07/12/2024 15:20:00,EDT,Natural Gas,5873.0
07/12/2024 15:20:00,EDT,Nuclear,3241.0
07/12/2024 15:20:00,EDT,Other Fossil Fuels,78.0
07/12/2024 15:20:00,EDT,Other Renewables,483.0
07/12/2024 15:20:00,EDT,Wind,114.0
07/12/2024 15:20:00,EDT,Hydro,3423.0
07/12/2024 15:25:00,EDT,Dual Fuel,8859.0
07/12/2024 15:25:00,EDT,Natural Gas,5863.0
07/12/2024 15:25:00,EDT,Nuclear,3241.0
07/12/2024 15:25:00,EDT,Other Fossil Fuels,78.0
07/12/2024 15:25:00,EDT,Other Renewables,462.0
07/12/2024 15:25:00,EDT,Wind,113.0
07/12/2024 15:25:00,EDT,Hydro,3400.0
07/12/2024 15:30:00,EDT,Dual Fuel,8873.0
07/12/2024 15:30:00,EDT,Natural Gas,5878.0
07/12/2024 15:30:00,EDT,Nuclear,3241.0
07/12/2024 15:30:00,EDT,Other Fossil Fuels,78.0
07/12/2024 15:30:00,EDT,Other Renewables,440.0
07/12/2024 15:30:00,EDT,Wind,113.0
07/12/2024 15:30:00,EDT,Hydro,3432.0
07/12/2024 15:35:00,EDT,Dual Fuel,8896.0
07/12/2024 15:35:00,EDT,Natural Gas,5923.0
07/12/2024 15:35:00,EDT,Nuclear,3241.0
07/12/2024 15:35:00,EDT,Other Fossil Fuels,78.0
07/12/2024 15:35:00,EDT,Other Renewables,424.0
07/12/2024 15:35:00,EDT,Wind,113.0
07/12/2024 15:35:00,EDT,Hydro,3565.0
07/12/2024 15:40:00,EDT,Dual Fuel,8923.0
07/12/2024 15:40:00,EDT,Natural Gas,5965.0
07/12/2024 15:40:00,EDT,Nuclear,3239.0
07/12/2024 15:40:00,EDT,Other Fossil Fuels,78.0
07/12/2024 15:40:00,EDT,Other Renewables,413.0
07/12/2024 15:40:00,EDT,Wind,113.0
07/12/2024 15:40:00,EDT,Hydro,3645.0
07/12/2024 15:45:00,EDT,Dual Fuel,8931.0
07/12/2024 15:45:00,EDT,Natural Gas,6017.0
07/12/2024 15:45:00,EDT,Nuclear,3239.0
07/12/2024 15:45:00,EDT,Other Fossil Fuels,78.0
07/12/2024 15:45:00,EDT,Other Renewables,404.0
07/12/2024 15:45:00,EDT,Wind,112.0
07/12/2024 15:45:00,EDT,Hydro,3654.0
07/12/2024 15:50:00,EDT,Dual Fuel,8934.0
07/12/2024 15:50:00,EDT,Natural Gas,6078.0
07/12/2024 15:50:00,EDT,Nuclear,3242.0
07/12/2024 15:50:00,EDT,Other Fossil Fuels,78.0
07/12/2024 15:50:00,EDT,Other Renewables,399.0
07/12/2024 15:50:00,EDT,Wind,113.0
07/12/2024 15:50:00,EDT,Hydro,3668.0
07/12/2024 15:55:00,EDT,Dual Fuel,8933.0
07/12/2024 15:55:00,EDT,Natural Gas,6110.0
07/12/2024 15:55:00,EDT,Nuclear,3240.0
07/12/2024 15:55:00,EDT,Other Fossil Fuels,78.0
07/12/2024 15:55:00,EDT,Other Renewables,396.0
07/12/2024 15:55:00,EDT,Wind,112.0
07/12/2024 15:55:00,EDT,Hydro,3646.0
07/12/2024 16:00:00,EDT,Dual Fuel,8907.0
07/12/2024 16:00:00,EDT,Natural Gas,6111.0
07/12/2024 16:00:00,EDT,Nuclear,3241.0
07/12/2024 16:00:00,EDT,Other Fossil Fuels,78.0
07/12/2024 16:00:00,EDT,Other Renewables,386.0
07/12/2024 16:00:00,EDT,Wind,113.0
07/12/2024 16:00:00,EDT,Hydro,3687.0
07/12/2024 16:05:00,EDT,Dual Fuel,8867.0
07/12/2024 16:05:00,EDT,Natural Gas,6068.0
07/12/2024 16:05:00,EDT,Nuclear,3242.0
07/12/2024 16:05:00,EDT,Other Fossil Fuels,78.0
07/12/2024 16:05:00,EDT,Other Renewables,381.0
07/12/2024 16:05:00,EDT,Wind,113.0
07/12/2024 16:05:00,EDT,Hydro,3684.0
07/12/2024 16:10:00,EDT,Dual Fuel,8859.0
07/12/2024 16:10:00,EDT,Natural Gas,6012.0
07/12/2024 16:10:00,EDT,Nuclear,3240.0
07/12/2024 16:10:00,EDT,Other Fossil Fuels,78.0
07/12/2024 16:10:00,EDT,Other Renewables,398.0
07/12/2024 16:10:00,EDT,Wind,113.0
07/12/2024 16:10:00,EDT,Hydro,3649.0
07/12/2024 16:15:00,EDT,Dual Fuel,8858.0
07/12/2024 16:15:00,EDT,Natural Gas,5977.0
07/12/2024 16:15:00,EDT,Nuclear,3240.0
07/12/2024 16:15:00,EDT,Other Fossil Fuels,78.0
07/12/2024 16:15:00,EDT,Other Renewables,414.0
07/12/2024 16:15:00,EDT,Wind,111.0
07/12/2024 16:15:00,EDT,Hydro,3682.0
07/12/2024 16:20:00,EDT,Dual Fuel,8861.0
07/12/2024 16:20:00,EDT,Natural Gas,5970.0
07/12/2024 16:20:00,EDT,Nuclear,3243.0
07/12/2024 16:20:00,EDT,Other Fossil Fuels,77.0
07/12/2024 16:20:00,EDT,Other Renewables,425.0
07/12/2024 16:20:00,EDT,Wind,112.0
07/12/2024 16:20:00,EDT,Hydro,3634.0
07/12/2024 16:25:00,EDT,Dual Fuel,8867.0
07/12/2024 16:25:00,EDT,Natural Gas,5985.0
07/12/2024 16:25:00,EDT,Nuclear,3240.0
07/12/2024 16:25:00,EDT,Other Fossil Fuels,78.0
07/12/2024 16:25:00,EDT,Other Renewables,438.0
07/12/2024 16:25:00,EDT,Wind,111.0
07/12/2024 16:25:00,EDT,Hydro,3667.0
07/12/2024 16:30:00,EDT,Dual Fuel,8873.0
07/12/2024 16:30:00,EDT,Natural Gas,5988.0
07/12/2024 16:30:00,EDT,Nuclear,3242.0
07/12/2024 16:30:00,EDT,Other Fossil Fuels,77.0
07/12/2024 16:30:00,EDT,Other Renewables,436.0
07/12/2024 16:30:00,EDT,Wind,111.0
07/12/2024 16:30:00,EDT,Hydro,3698.0
07/12/2024 16:35:00,EDT,Dual Fuel,8891.0
07/12/2024 16:35:00,EDT,Natural Gas,6030.0
07/12/2024 16:35:00,EDT,Nuclear,3244.0
07/12/2024 16:35:00,EDT,Other Fossil Fuels,77.0
07/12/2024 16:35:00,EDT,Other Renewables,436.0
07/12/2024 16:35:00,EDT,Wind,110.0
07/12/2024 16:35:00,EDT,Hydro,3787.0
07/12/2024 16:40:00,EDT,Dual Fuel,8924.0
07/12/2024 16:40:00,EDT,Natural Gas,6081.0
07/12/2024 16:40:00,EDT,Nuclear,3242.0
07/12/2024 16:40:00,EDT,Other Fossil Fuels,78.0
07/12/2024 16:40:00,EDT,Other Renewables,443.0
07/12/2024 16:40:00,EDT,Wind,108.0
07/12/2024 16:40:00,EDT,Hydro,3919.0
07/12/2024 16:45:00,EDT,Dual Fuel,8946.0
07/12/2024 16:45:00,EDT,Natural Gas,6111.0
07/12/2024 16:45:00,EDT,Nuclear,3244.0
07/12/2024 16:45:00,EDT,Other Fossil Fuels,78.0
07/12/2024 16:45:00,EDT,Other Renewables,428.0
07/12/2024 16:45:00,EDT,Wind,110.0
07/12/2024 16:45:00,EDT,Hydro,3930.0
07/12/2024 16:50:00,EDT,Dual Fuel,8957.0
07/12/2024 16:50:00,EDT,Natural Gas,6157.0
07/12/2024 16:50:00,EDT,Nuclear,3243.0
07/12/2024 16:50:00,EDT,Other Fossil Fuels,78.0
07/12/2024 16:50:00,EDT,Other Renewables,451.0
07/12/2024 16:50:00,EDT,Wind,110.0
07/12/2024 16:50:00,EDT,Hydro,3972.0
07/12/2024 16:55:00,EDT,Dual Fuel,8958.0
07/12/2024 16:55:00,EDT,Natural Gas,6199.0
07/12/2024 16:55:00,EDT,Nuclear,3242.0
07/12/2024 16:55:00,EDT,Other Fossil Fuels,78.0
07/12/2024 16:55:00,EDT,Other Renewables,439.0
07/12/2024 16:55:00,EDT,Wind,110.0
07/12/2024 16:55:00,EDT,Hydro,3984.0
07/12/2024 17:00:00,EDT,Dual Fuel,9039.0
07/12/2024 17:00:00,EDT,Natural Gas,6223.0
07/12/2024 17:00:00,EDT,Nuclear,3243.0
07/12/2024 17:00:00,EDT,Other Fossil Fuels,78.0
07/12/2024 17:00:00,EDT,Other Renewables,400.0
07/12/2024 17:00:00,EDT,Wind,109.0
07/12/2024 17:00:00,EDT,Hydro,3980.0
07/12/2024 17:05:00,EDT,Dual Fuel,9094.0
07/12/2024 17:05:00,EDT,Natural Gas,6241.0
07/12/2024 17:05:00,EDT,Nuclear,3242.0
07/12/2024 17:05:00,EDT,Other Fossil Fuels,77.0
07/12/2024 17:05:00,EDT,Other Renewables,421.0
07/12/2024 17:05:00,EDT,Wind,110.0
07/12/2024 17:05:00,EDT,Hydro,3929.0
07/12/2024 17:10:00,EDT,Dual Fuel,9121.0
07/12/2024 17:10:00,EDT,Natural Gas,6261.0
07/12/2024 17:10:00,EDT,Nuclear,3243.0
07/12/2024 17:10:00,EDT,Other Fossil Fuels,77.0
07/12/2024 17:10:00,EDT,Other Renewables,401.0
07/12/2024 17:10:00,EDT,Wind,112.0
07/12/2024 17:10:00,EDT,Hydro,3959.0
07/12/2024 17:15:00,EDT,Dual Fuel,9137.0
07/12/2024 17:15:00,EDT,Natural Gas,6265.0
07/12/2024 17:15:00,EDT,Nuclear,3244.0
07/12/2024 17:15:00,EDT,Other Fossil Fuels,78.0
07/12/2024 17:15:00,EDT,Other Renewables,407.0
07/12/2024 17:15:00,EDT,Wind,112.0
07/12/2024 17:15:00,EDT,Hydro,3974.0
07/12/2024 17:20:00,EDT,Dual Fuel,9149.0
07/12/2024 17:20:00,EDT,Natural Gas,6266.0
07/12/2024 17:20:00,EDT,Nuclear,3244.0
07/12/2024 17:20:00,EDT,Other Fossil Fuels,78.0
07/12/2024 17:20:00,EDT,Other Renewables,403.0
07/12/2024 17:20:00,EDT,Wind,109.0
07/12/2024 17:20:00,EDT,Hydro,4015.0
07/12/2024 17:25:00,EDT,Dual Fuel,9175.0
07/12/2024 17:25:00,EDT,Natural Gas,6265.0
07/12/2024 17:25:00,EDT,Nuclear,3244.0
07/12/2024 17:25:00,EDT,Other Fossil Fuels,78.0
07/12/2024 17:25:00,EDT,Other Renewables,397.0
07/12/2024 17:25:00,EDT,Wind,109.0
07/12/2024 17:25:00,EDT,Hydro,4077.0
07/12/2024 17:30:00,EDT,Dual Fuel,9181.0
07/12/2024 17:30:00,EDT,Natural Gas,6264.0
07/12/2024 17:30:00,EDT,Nuclear,3243.0
07/12/2024 17:30:00,EDT,Other Fossil Fuels,78.0
07/12/2024 17:30:00,EDT,Other Renewables,391.0
07/12/2024 17:30:00,EDT,Wind,109.0
07/12/2024 17:30:00,EDT,Hydro,4126.0
07/12/2024 17:35:00,EDT,Dual Fuel,9183.0
07/12/2024 17:35:00,EDT,Natural Gas,6257.0
07/12/2024 17:35:00,EDT,Nuclear,3244.0
07/12/2024 17:35:00,EDT,Other Fossil Fuels,78.0
07/12/2024 17:35:00,EDT,Other Renewables,377.0
07/12/2024 17:35:00,EDT,Wind,108.0
07/12/2024 17:35:00,EDT,Hydro,4105.0
07/12/2024 17:40:00,EDT,Dual Fuel,9165.0
07/12/2024 17:40:00,EDT,Natural Gas,6257.0
07/12/2024 17:40:00,EDT,Nuclear,3243.0
07/12/2024 17:40:00,EDT,Other Fossil Fuels,78.0
07/12/2024 17:40:00,EDT,Other Renewables,357.0
07/12/2024 17:40:00,EDT,Wind,109.0
07/12/2024 17:40:00,EDT,Hydro,4094.0
07/12/2024 17:45:00,EDT,Dual Fuel,9188.0
07/12/2024 17:45:00,EDT,Natural Gas,6254.0
07/12/2024 17:45:00,EDT,Nuclear,3241.0
07/12/2024 17:45:00,EDT,Other Fossil Fuels,78.0
07/12/2024 17:45:00,EDT,Other Renewables,335.0
07/12/2024 17:45:00,EDT,Wind,110.0
07/12/2024 17:45:00,EDT,Hydro,4154.0
07/12/2024 17:50:00,EDT,Dual Fuel,9196.0
07/12/2024 17:50:00,EDT,Natural Gas,6288.0
07/12/2024 17:50:00,EDT,Nuclear,3241.0
07/12/2024 17:50:00,EDT,Other Fossil Fuels,78.0
07/12/2024 17:50:00,EDT,Other Renewables,347.0
07/12/2024 17:50:00,EDT,Wind,110.0
07/12/2024 17:50:00,EDT,Hydro,4235.0
07/12/2024 17:55:00,EDT,Dual Fuel,9202.0
07/12/2024 17:55:00,EDT,Natural Gas,6352.0
07/12/2024 17:55:00,EDT,Nuclear,3241.0
07/12/2024 17:55:00,EDT,Other Fossil Fuels,78.0
07/12/2024 17:55:00,EDT,Other Renewables,352.0
07/12/2024 17:55:00,EDT,Wind,113.0
07/12/2024 17:55:00,EDT,Hydro,4206.0
07/12/2024 18:00:00,EDT,Dual Fuel,9214.0
07/12/2024 18:00:00,EDT,Natural Gas,6361.0
07/12/2024 18:00:00,EDT,Nuclear,3243.0
07/12/2024 18:00:00,EDT,Other Fossil Fuels,78.0
07/12/2024 18:00:00,EDT,Other Renewables,350.0
07/12/2024 18:00:00,EDT,Wind,119.0
07/12/2024 18:00:00,EDT,Hydro,4153.0
07/12/2024 18:05:00,EDT,Dual Fuel,9162.0
07/12/2024 18:05:00,EDT,Natural Gas,6326.0
07/12/2024 18:05:00,EDT,Nuclear,3243.0
07/12/2024 18:05:00,EDT,Other Fossil Fuels,77.0
07/12/2024 18:05:00,EDT,Other Renewables,348.0
07/12/2024 18:05:00,EDT,Wind,125.0
07/12/2024 18:05:00,EDT,Hydro,4002.0
07/12/2024 18:10:00,EDT,Dual Fuel,9155.0
07/12/2024 18:10:00,EDT,Natural Gas,6273.0
07/12/2024 18:10:00,EDT,Nuclear,3242.0
07/12/2024 18:10:00,EDT,Other Fossil Fuels,77.0
07/12/2024 18:10:00,EDT,Other Renewables,329.0
07/12/2024 18:10:00,EDT,Wind,119.0
07/12/2024 18:10:00,EDT,Hydro,4004.0
07/12/2024 18:15:00,EDT,Dual Fuel,9186.0
07/12/2024 18:15:00,EDT,Natural Gas,6272.0
07/12/2024 18:15:00,EDT,Nuclear,3242.0
07/12/2024 18:15:00,EDT,Other Fossil Fuels,78.0
07/12/2024 18:15:00,EDT,Other Renewables,310.0
07/12/2024 18:15:00,EDT,Wind,118.0
07/12/2024 18:15:00,EDT,Hydro,4040.0
07/12/2024 18:20:00,EDT,Dual Fuel,9170.0
07/12/2024 18:20:00,EDT,Natural Gas,6290.0
07/12/2024 18:20:00,EDT,Nuclear,3243.0
07/12/2024 18:20:00,EDT,Other Fossil Fuels,78.0
07/12/2024 18:20:00,EDT,Other Renewables,311.0
07/12/2024 18:20:00,EDT,Wind,115.0
07/12/2024 18:20:00,EDT,Hydro,4025.0
07/12/2024 18:25:00,EDT,Dual Fuel,9170.0
07/12/2024 18:25:00,EDT,Natural Gas,6305.0
07/12/2024 18:25:00,EDT,Nuclear,3243.0
07/12/2024 18:25:00,EDT,Other Fossil Fuels,78.0
07/12/2024 18:25:00,EDT,Other Renewables,316.0
07/12/2024 18:25:00,EDT,Wind,116.0
07/12/2024 18:25:00,EDT,Hydro,4010.0
07/12/2024 18:30:00,EDT,Dual Fuel,9165.0
07/12/2024 18:30:00,EDT,Natural Gas,6314.0
07/12/2024 18:30:00,EDT,Nuclear,3244.0
07/12/2024 18:30:00,EDT,Other Fossil Fuels,78.0
07/12/2024 18:30:00,EDT,Other Renewables,313.0
07/12/2024 18:30:00,EDT,Wind,118.0
07/12/2024 18:30:00,EDT,Hydro,4037.0
07/12/2024 18:35:00,EDT,Dual Fuel,9171.0
07/12/2024 18:35:00,EDT,Natural Gas,6316.0
07/12/2024 18:35:00,EDT,Nuclear,3243.0
07/12/2024 18:35:00,EDT,Other Fossil Fuels,78.0
07/12/2024 18:35:00,EDT,Other Renewables,319.0
07/12/2024 18:35:00,EDT,Wind,118.0
07/12/2024 18:35:00,EDT,Hydro,4122.0
07/12/2024 18:40:00,EDT,Dual Fuel,9185.0
07/12/2024 18:40:00,EDT,Natural Gas,6326.0
07/12/2024 18:40:00,EDT,Nuclear,3242.0
07/12/2024 18:40:00,EDT,Other Fossil Fuels,78.0
07/12/2024 18:40:00,EDT,Other Renewables,321.0
07/12/2024 18:40:00,EDT,Wind,117.0
07/12/2024 18:40:00,EDT,Hydro,4166.0
07/12/2024 18:45:00,EDT,Dual Fuel,9175.0
07/12/2024 18:45:00,EDT,Natural Gas,6341.0
07/12/2024 18:45:00,EDT,Nuclear,3242.0
07/12/2024 18:45:00,EDT,Other Fossil Fuels,78.0
07/12/2024 18:45:00,EDT,Other Renewables,315.0
07/12/2024 18:45:00,EDT,Wind,118.0
07/12/2024 18:45:00,EDT,Hydro,4174.0
07/12/2024 18:50:00,EDT,Dual Fuel,9173.0
07/12/2024 18:50:00,EDT,Natural Gas,6342.0
07/12/2024 18:50:00,EDT,Nuclear,3240.0
07/12/2024 18:50:00,EDT,Other Fossil Fuels,78.0
07/12/2024 18:50:00,EDT,Other Renewables,298.0
07/12/2024 18:50:00,EDT,Wind,116.0
07/12/2024 18:50:00,EDT,Hydro,4155.0
07/12/2024 18:55:00,EDT,Dual Fuel,9174.0
07/12/2024 18:55:00,EDT,Natural Gas,6334.0
07/12/2024 18:55:00,EDT,Nuclear,3240.0
07/12/2024 18:55:00,EDT,Other Fossil Fuels,78.0
07/12/2024 18:55:00,EDT,Other Renewables,298.0
07/12/2024 18:55:00,EDT,Wind,114.0
07/12/2024 18:55:00,EDT,Hydro,4219.0
07/12/2024 19:00:00,EDT,Dual Fuel,9187.0
07/12/2024 19:00:00,EDT,Natural Gas,6266.0
07/12/2024 19:00:00,EDT,Nuclear,3242.0
07/12/2024 19:00:00,EDT,Other Fossil Fuels,78.0
07/12/2024 19:00:00,EDT,Other Renewables,309.0
07/12/2024 19:00:00,EDT,Wind,114.0
07/12/2024 19:00:00,EDT,Hydro,4106.0
07/12/2024 19:05:00,EDT,Dual Fuel,9184.0
07/12/2024 19:05:00,EDT,Natural Gas,6214.0
07/12/2024 19:05:00,EDT,Nuclear,3242.0
07/12/2024 19:05:00,EDT,Other Fossil Fuels,78.0
07/12/2024 19:05:00,EDT,Other Renewables,299.0
07/12/2024 19:05:00,EDT,Wind,115.0
07/12/2024 19:05:00,EDT,Hydro,3965.0
07/12/2024 19:10:00,EDT,Dual Fuel,9144.0
07/12/2024 19:10:00,EDT,Natural Gas,6196.0
07/12/2024 19:10:00,EDT,Nuclear,3240.0
07/12/2024 19:10:00,EDT,Other Fossil Fuels,78.0
07/12/2024 19:10:00,EDT,Other Renewables,289.0
07/12/2024 19:10:00,EDT,Wind,114.0
07/12/2024 19:10:00,EDT,Hydro,3936.0
07/12/2024 19:15:00,EDT,Dual Fuel,9127.0
07/12/2024 19:15:00,EDT,Natural Gas,6172.0
07/12/2024 19:15:00,EDT,Nuclear,3241.0
07/12/2024 19:15:00,EDT,Other Fossil Fuels,78.0
07/12/2024 19:15:00,EDT,Other Renewables,282.0
07/12/2024 19:15:00,EDT,Wind,118.0
07/12/2024 19:15:00,EDT,Hydro,3919.0
07/12/2024 19:20:00,EDT,Dual Fuel,9130.0
07/12/2024 19:20:00,EDT,Natural Gas,6139.0
07/12/2024 19:20:00,EDT,Nuclear,3241.0
07/12/2024 19:20:00,EDT,Other Fossil Fuels,78.0
07/12/2024 19:20:00,EDT,Other Renewables,284.0
07/12/2024 19:20:00,EDT,Wind,126.0
07/12/2024 19:20:00,EDT,Hydro,3915.0
07/12/2024 19:25:00,EDT,Dual Fuel,9118.0
07/12/2024 19:25:00,EDT,Natural Gas,6111.0
07/12/2024 19:25:00,EDT,Nuclear,3240.0
07/12/2024 19:25:00,EDT,Other Fossil Fuels,78.0
07/12/2024 19:25:00,EDT,Other Renewables,286.0
07/12/2024 19:25:00,EDT,Wind,128.0
07/12/2024 19:25:00,EDT,Hydro,3883.0
07/12/2024 19:30:00,EDT,Dual Fuel,9122.0
07/12/2024 19:30:00,EDT,Natural Gas,6101.0
07/12/2024 19:30:00,EDT,Nuclear,3240.0
07/12/2024 19:30:00,EDT,Other Fossil Fuels,78.0
07/12/2024 19:30:00,EDT,Other Renewables,282.0
07/12/2024 19:30:00,EDT,Wind,129.0
07/12/2024 19:30:00,EDT,Hydro,3806.0
07/12/2024 19:35:00,EDT,Dual Fuel,9115.0
07/12/2024 19:35:00,EDT,Natural Gas,6087.0
07/12/2024 19:35:00,EDT,Nuclear,3241.0
07/12/2024 19:35:00,EDT,Other Fossil Fuels,78.0
07/12/2024 19:35:00,EDT,Other Renewables,276.0
07/12/2024 19:35:00,EDT,Wind,130.0
07/12/2024 19:35:00,EDT,Hydro,3719.0
07/12/2024 19:40:00,EDT,Dual Fuel,9108.0
07/12/2024 19:40:00,EDT,Natural Gas,6058.0
07/12/2024 19:40:00,EDT,Nuclear,3240.0
07/12/2024 19:40:00,EDT,Other Fossil Fuels,78.0
07/12/2024 19:40:00,EDT,Other Renewables,272.0
07/12/2024 19:40:00,EDT,Wind,132.0
07/12/2024 19:40:00,EDT,Hydro,3646.0
07/12/2024 19:45:00,EDT,Dual Fuel,9104.0
07/12/2024 19:45:00,EDT,Natural Gas,6017.0
07/12/2024 19:45:00,EDT,Nuclear,3242.0
07/12/2024 19:45:00,EDT,Other Fossil Fuels,78.0
07/12/2024 19:45:00,EDT,Other Renewables,273.0
07/12/2024 19:45:00,EDT,Wind,132.0
07/12/2024 19:45:00,EDT,Hydro,3611.0
07/12/2024 19:50:00,EDT,Dual Fuel,9099.0
07/12/2024 19:50:00,EDT,Natural Gas,6008.0
07/12/2024 19:50:00,EDT,Nuclear,3241.0
07/12/2024 19:50:00,EDT,Other Fossil Fuels,78.0
07/12/2024 19:50:00,EDT,Other Renewables,270.0
07/12/2024 19:50:00,EDT,Wind,130.0
07/12/2024 19:50:00,EDT,Hydro,3618.0
07/12/2024 19:55:00,EDT,Dual Fuel,9105.0
07/12/2024 19:55:00,EDT,Natural Gas,6011.0
07/12/2024 19:55:00,EDT,Nuclear,3242.0
07/12/2024 19:55:00,EDT,Other Fossil Fuels,78.0
07/12/2024 19:55:00,EDT,Other Renewables,266.0
07/12/2024 19:55:00,EDT,Wind,129.0
07/12/2024 19:55:00,EDT,Hydro,3614.0
07/12/2024 20:00:00,EDT,Dual Fuel,9083.0
07/12/2024 20:00:00,EDT,Natural Gas,5987.0
07/12/2024 20:00:00,EDT,Nuclear,3242.0
07/12/2024 20:00:00,EDT,Other Fossil Fuels,78.0
07/12/2024 20:00:00,EDT,Other Renewables,262.0
07/12/2024 20:00:00,EDT,Wind,130.0
07/12/2024 20:00:00,EDT,Hydro,3621.0
07/12/2024 20:05:00,EDT,Dual Fuel,9020.0
07/12/2024 20:05:00,EDT,Natural Gas,5952.0
07/12/2024 20:05:00,EDT,Nuclear,3242.0
07/12/2024 20:05:00,EDT,Other Fossil Fuels,78.0
07/12/2024 20:05:00,EDT,Other Renewables,261.0
07/12/2024 20:05:00,EDT,Wind,135.0
07/12/2024 20:05:00,EDT,Hydro,3548.0
07/12/2024 20:10:00,EDT,Dual Fuel,8979.0
07/12/2024 20:10:00,EDT,Natural Gas,5909.0
07/12/2024 20:10:00,EDT,Nuclear,3241.0
07/12/2024 20:10:00,EDT,Other Fossil Fuels,78.0
07/12/2024 20:10:00,EDT,Other Renewables,262.0
07/12/2024 20:10:00,EDT,Wind,137.0
07/12/2024 20:10:00,EDT,Hydro,3459.0
07/12/2024 20:15:00,EDT,Dual Fuel,8976.0
07/12/2024 20:15:00,EDT,Natural Gas,5863.0
07/12/2024 20:15:00,EDT,Nuclear,3242.0
07/12/2024 20:15:00,EDT,Other Fossil Fuels,54.0
07/12/2024 20:15:00,EDT,Other Renewables,258.0
07/12/2024 20:15:00,EDT,Wind,133.0
07/12/2024 20:15:00,EDT,Hydro,3472.0
07/12/2024 20:20:00,EDT,Dual Fuel,8972.0
07/12/2024 20:20:00,EDT,Natural Gas,5820.0
07/12/2024 20:20:00,EDT,Nuclear,3242.0
07/12/2024 20:20:00,EDT,Other Fossil Fuels,30.0
07/12/2024 20:20:00,EDT,Other Renewables,256.0
07/12/2024 20:20:00,EDT,Wind,130.0
07/12/2024 20:20:00,EDT,Hydro,3472.0
07/12/2024 20:25:00,EDT,Dual Fuel,8954.0
07/12/2024 20:25:00,EDT,Natural Gas,5797.0
07/12/2024 20:25:00,EDT,Nuclear,3243.0
07/12/2024 20:25:00,EDT,Other Fossil Fuels,30.0
07/12/2024 20:25:00,EDT,Other Renewables,254.0
07/12/2024 20:25:00,EDT,Wind,126.0
07/12/2024 20:25:00,EDT,Hydro,3470.0
07/12/2024 20:30:00,EDT,Dual Fuel,8884.0
07/12/2024 20:30:00,EDT,Natural Gas,5782.0
07/12/2024 20:30:00,EDT,Nuclear,3242.0
07/12/2024 20:30:00,EDT,Other Fossil Fuels,30.0
07/12/2024 20:30:00,EDT,Other Renewables,254.0
07/12/2024 20:30:00,EDT,Wind,128.0
07/12/2024 20:30:00,EDT,Hydro,3494.0
07/12/2024 20:35:00,EDT,Dual Fuel,8839.0
07/12/2024 20:35:00,EDT,Natural Gas,5778.0
07/12/2024 20:35:00,EDT,Nuclear,3242.0
07/12/2024 20:35:00,EDT,Other Fossil Fuels,30.0
07/12/2024 20:35:00,EDT,Other Renewables,254.0
07/12/2024 20:35:00,EDT,Wind,132.0
07/12/2024 20:35:00,EDT,Hydro,3492.0
07/12/2024 20:40:00,EDT,Dual Fuel,8813.0
07/12/2024 20:40:00,EDT,Natural Gas,5807.0
07/12/2024 20:40:00,EDT,Nuclear,3242.0
07/12/2024 20:40:00,EDT,Other Fossil Fuels,30.0
07/12/2024 20:40:00,EDT,Other Renewables,252.0
07/12/2024 20:40:00,EDT,Wind,136.0
07/12/2024 20:40:00,EDT,Hydro,3506.0
07/12/2024 20:45:00,EDT,Dual Fuel,8735.0
07/12/2024 20:45:00,EDT,Natural Gas,5832.0
07/12/2024 20:45:00,EDT,Nuclear,3243.0
07/12/2024 20:45:00,EDT,Other Fossil Fuels,30.0
07/12/2024 20:45:00,EDT,Other Renewables,244.0
07/12/2024 20:45:00,EDT,Wind,137.0
07/12/2024 20:45:00,EDT,Hydro,3485.0
07/12/2024 20:50:00,EDT,Dual Fuel,8607.0
07/12/2024 20:50:00,EDT,Natural Gas,5838.0
07/12/2024 20:50:00,EDT,Nuclear,3242.0
07/12/2024 20:50:00,EDT,Other Fossil Fuels,30.0
07/12/2024 20:50:00,EDT,Other Renewables,244.0
07/12/2024 20:50:00,EDT,Wind,135.0
07/12/2024 20:50:00,EDT,Hydro,3505.0
07/12/2024 20:55:00,EDT,Dual Fuel,8466.0
07/12/2024 20:55:00,EDT,Natural Gas,5847.0
07/12/2024 20:55:00,EDT,Nuclear,3241.0
07/12/2024 20:55:00,EDT,Other Fossil Fuels,30.0
07/12/2024 20:55:00,EDT,Other Renewables,251.0
07/12/2024 20:55:00,EDT,Wind,131.0
07/12/2024 20:55:00,EDT,Hydro,3521.0
07/12/2024 21:00:00,EDT,Dual Fuel,8365.0
07/12/2024 21:00:00,EDT,Natural Gas,5899.0
07/12/2024 21:00:00,EDT,Nuclear,3242.0
07/12/2024 21:00:00,EDT,Other Fossil Fuels,31.0
07/12/2024 21:00:00,EDT,Other Renewables,253.0
07/12/2024 21:00:00,EDT,Wind,132.0
07/12/2024 21:00:00,EDT,Hydro,3518.0
07/12/2024 21:05:00,EDT,Dual Fuel,8273.0
07/12/2024 21:05:00,EDT,Natural Gas,5910.0
07/12/2024 21:05:00,EDT,Nuclear,3240.0
07/12/2024 21:05:00,EDT,Other Fossil Fuels,30.0
07/12/2024 21:05:00,EDT,Other Renewables,248.0
07/12/2024 21:05:00,EDT,Wind,141.0
07/12/2024 21:05:00,EDT,Hydro,3465.0
07/12/2024 21:10:00,EDT,Dual Fuel,8172.0
07/12/2024 21:10:00,EDT,Natural Gas,5926.0
07/12/2024 21:10:00,EDT,Nuclear,3240.0
07/12/2024 21:10:00,EDT,Other Fossil Fuels,30.0
07/12/2024 21:10:00,EDT,Other Renewables,249.0
07/12/2024 21:10:00,EDT,Wind,149.0
07/12/2024 21:10:00,EDT,Hydro,3410.0
07/12/2024 21:15:00,EDT,Dual Fuel,8095.0
07/12/2024 21:15:00,EDT,Natural Gas,5903.0
07/12/2024 21:15:00,EDT,Nuclear,3242.0
07/12/2024 21:15:00,EDT,Other Fossil Fuels,30.0
07/12/2024 21:15:00,EDT,Other Renewables,247.0
07/12/2024 21:15:00,EDT,Wind,157.0
07/12/2024 21:15:00,EDT,Hydro,3424.0
07/12/2024 21:20:00,EDT,Dual Fuel,8018.0
07/12/2024 21:20:00,EDT,Natural Gas,5795.0
07/12/2024 21:20:00,EDT,Nuclear,3241.0
07/12/2024 21:20:00,EDT,Other Fossil Fuels,31.0
07/12/2024 21:20:00,EDT,Other Renewables,246.0
07/12/2024 21:20:00,EDT,Wind,161.0
07/12/2024 21:20:00,EDT,Hydro,3438.0
07/12/2024 21:25:00,EDT,Dual Fuel,7960.0
07/12/2024 21:25:00,EDT,Natural Gas,5775.0
07/12/2024 21:25:00,EDT,Nuclear,3242.0
07/12/2024 21:25:00,EDT,Other Fossil Fuels,31.0
07/12/2024 21:25:00,EDT,Other Renewables,252.0
07/12/2024 21:25:00,EDT,Wind,164.0
07/12/2024 21:25:00,EDT,Hydro,3434.0
07/12/2024 21:30:00,EDT,Dual Fuel,7932.0
07/12/2024 21:30:00,EDT,Natural Gas,5727.0
07/12/2024 21:30:00,EDT,Nuclear,3243.0
07/12/2024 21:30:00,EDT,Other Fossil Fuels,31.0
07/12/2024 21:30:00,EDT,Other Renewables,252.0
07/12/2024 21:30:00,EDT,Wind,167.0
07/12/2024 21:30:00,EDT,Hydro,3401.0
07/12/2024 21:35:00,EDT,Dual Fuel,7876.0
07/12/2024 21:35:00,EDT,Natural Gas,5671.0
07/12/2024 21:35:00,EDT,Nuclear,3243.0
07/12/2024 21:35:00,EDT,Other Fossil Fuels,31.0
07/12/2024 21:35:00,EDT,Other Renewables,251.0
07/12/2024 21:35:00,EDT,Wind,167.0
07/12/2024 21:35:00,EDT,Hydro,3298.0
07/12/2024 21:40:00,EDT,Dual Fuel,7780.0
07/12/2024 21:40:00,EDT,Natural Gas,5643.0
07/12/2024 21:40:00,EDT,Nuclear,3243.0
07/12/2024 21:40:00,EDT,Other Fossil Fuels,30.0
07/12/2024 21:40:00,EDT,Other Renewables,242.0
07/12/2024 21:40:00,EDT,Wind,168.0
07/12/2024 21:40:00,EDT,Hydro,3272.0
07/12/2024 21:45:00,EDT,Dual Fuel,7691.0
07/12/2024 21:45:00,EDT,Natural Gas,5619.0
07/12/2024 21:45:00,EDT,Nuclear,3243.0
07/12/2024 21:45:00,EDT,Other Fossil Fuels,31.0
07/12/2024 21:45:00,EDT,Other Renewables,247.0
07/12/2024 21:45:00,EDT,Wind,170.0
07/12/2024 21:45:00,EDT,Hydro,3292.0
07/12/2024 21:50:00,EDT,Dual Fuel,7572.0
07/12/2024 21:50:00,EDT,Natural Gas,5597.0
07/12/2024 21:50:00,EDT,Nuclear,3243.0
07/12/2024 21:50:00,EDT,Other Fossil Fuels,30.0
07/12/2024 21:50:00,EDT,Other Renewables,247.0
07/12/2024 21:50:00,EDT,Wind,174.0
07/12/2024 21:50:00,EDT,Hydro,3292.0
07/12/2024 21:55:00,EDT,Dual Fuel,7469.0
07/12/2024 21:55:00,EDT,Natural Gas,5595.0
07/12/2024 21:55:00,EDT,Nuclear,3244.0
07/12/2024 21:55:00,EDT,Other Fossil Fuels,30.0
07/12/2024 21:55:00,EDT,Other Renewables,254.0
07/12/2024 21:55:00,EDT,Wind,182.0
07/12/2024 21:55:00,EDT,Hydro,3250.0
07/12/2024 22:00:00,EDT,Dual Fuel,7362.0
07/12/2024 22:00:00,EDT,Natural Gas,5574.0
07/12/2024 22:00:00,EDT,Nuclear,3244.0
07/12/2024 22:00:00,EDT,Other Fossil Fuels,31.0
07/12/2024 22:00:00,EDT,Other Renewables,254.0
07/12/2024 22:00:00,EDT,Wind,194.0
07/12/2024 22:00:00,EDT,Hydro,3194.0
07/12/2024 22:05:00,EDT,Dual Fuel,7163.0
07/12/2024 22:05:00,EDT,Natural Gas,5474.0
07/12/2024 22:05:00,EDT,Nuclear,3244.0
07/12/2024 22:05:00,EDT,Other Fossil Fuels,31.0
07/12/2024 22:05:00,EDT,Other Renewables,255.0
07/12/2024 22:05:00,EDT,Wind,207.0
07/12/2024 22:05:00,EDT,Hydro,3129.0
07/12/2024 22:10:00,EDT,Dual Fuel,7039.0
07/12/2024 22:10:00,EDT,Natural Gas,5455.0
07/12/2024 22:10:00,EDT,Nuclear,3245.0
07/12/2024 22:10:00,EDT,Other Fossil Fuels,30.0
07/12/2024 22:10:00,EDT,Other Renewables,263.0
07/12/2024 22:10:00,EDT,Wind,213.0
07/12/2024 22:10:00,EDT,Hydro,3103.0
07/12/2024 22:15:00,EDT,Dual Fuel,6977.0
07/12/2024 22:15:00,EDT,Natural Gas,5420.0
07/12/2024 22:15:00,EDT,Nuclear,3246.0
07/12/2024 22:15:00,EDT,Other Fossil Fuels,31.0
07/12/2024 22:15:00,EDT,Other Renewables,257.0
07/12/2024 22:15:00,EDT,Wind,215.0
07/12/2024 22:15:00,EDT,Hydro,3107.0
07/12/2024 22:20:00,EDT,Dual Fuel,6927.0
07/12/2024 22:20:00,EDT,Natural Gas,5447.0
07/12/2024 22:20:00,EDT,Nuclear,3245.0
07/12/2024 22:20:00,EDT,Other Fossil Fuels,31.0
07/12/2024 22:20:00,EDT,Other Renewables,255.0
07/12/2024 22:20:00,EDT,Wind,214.0
07/12/2024 22:20:00,EDT,Hydro,3190.0
07/12/2024 22:25:00,EDT,Dual Fuel,6914.0
07/12/2024 22:25:00,EDT,Natural Gas,5451.0
07/12/2024 22:25:00,EDT,Nuclear,3245.0
07/12/2024 22:25:00,EDT,Other Fossil Fuels,31.0
07/12/2024 22:25:00,EDT,Other Renewables,249.0
07/12/2024 22:25:00,EDT,Wind,212.0
07/12/2024 22:25:00,EDT,Hydro,3221.0
07/12/2024 22:30:00,EDT,Dual Fuel,6916.0
07/12/2024 22:30:00,EDT,Natural Gas,5418.0
07/12/2024 22:30:00,EDT,Nuclear,3246.0
07/12/2024 22:30:00,EDT,Other Fossil Fuels,31.0
07/12/2024 22:30:00,EDT,Other Renewables,249.0
07/12/2024 22:30:00,EDT,Wind,216.0
07/12/2024 22:30:00,EDT,Hydro,3217.0
07/12/2024 22:35:00,EDT,Dual Fuel,6919.0
07/12/2024 22:35:00,EDT,Natural Gas,5386.0
07/12/2024 22:35:00,EDT,Nuclear,3246.0
07/12/2024 22:35:00,EDT,Other Fossil Fuels,31.0
07/12/2024 22:35:00,EDT,Other Renewables,249.0
07/12/2024 22:35:00,EDT,Wind,224.0
07/12/2024 22:35:00,EDT,Hydro,3125.0
07/12/2024 22:40:00,EDT,Dual Fuel,6910.0
07/12/2024 22:40:00,EDT,Natural Gas,5336.0
07/12/2024 22:40:00,EDT,Nuclear,3246.0
07/12/2024 22:40:00,EDT,Other Fossil Fuels,31.0
07/12/2024 22:40:00,EDT,Other Renewables,253.0
07/12/2024 22:40:00,EDT,Wind,232.0
07/12/2024 22:40:00,EDT,Hydro,3021.0
07/12/2024 22:45:00,EDT,Dual Fuel,6781.0
07/12/2024 22:45:00,EDT,Natural Gas,5259.0
07/12/2024 22:45:00,EDT,Nuclear,3246.0
07/12/2024 22:45:00,EDT,Other Fossil Fuels,31.0
07/12/2024 22:45:00,EDT,Other Renewables,254.0
07/12/2024 22:45:00,EDT,Wind,242.0
07/12/2024 22:45:00,EDT,Hydro,2959.0
07/12/2024 22:50:00,EDT,Dual Fuel,6559.0
07/12/2024 22:50:00,EDT,Natural Gas,5150.0
07/12/2024 22:50:00,EDT,Nuclear,3245.0
07/12/2024 22:50:00,EDT,Other Fossil Fuels,31.0
07/12/2024 22:50:00,EDT,Other Renewables,256.0
07/12/2024 22:50:00,EDT,Wind,253.0
07/12/2024 22:50:00,EDT,Hydro,3020.0
07/12/2024 22:55:00,EDT,Dual Fuel,6442.0
07/12/2024 22:55:00,EDT,Natural Gas,5158.0
07/12/2024 22:55:00,EDT,Nuclear,3246.0
07/12/2024 22:55:00,EDT,Other Fossil Fuels,30.0
07/12/2024 22:55:00,EDT,Other Renewables,253.0
07/12/2024 22:55:00,EDT,Wind,260.0
07/12/2024 22:55:00,EDT,Hydro,2955.0
07/12/2024 23:00:00,EDT,Dual Fuel,6322.0
07/12/2024 23:00:00,EDT,Natural Gas,5190.0
07/12/2024 23:00:00,EDT,Nuclear,3245.0
07/12/2024 23:00:00,EDT,Other Fossil Fuels,16.0
07/12/2024 23:00:00,EDT,Other Renewables,258.0
07/12/2024 23:00:00,EDT,Wind,265.0
07/12/2024 23:00:00,EDT,Hydro,2848.0
07/12/2024 23:05:00,EDT,Dual Fuel,6244.0
07/12/2024 23:05:00,EDT,Natural Gas,5121.0
07/12/2024 23:05:00,EDT,Nuclear,3247.0
07/12/2024 23:05:00,EDT,Other Fossil Fuels,14.0
07/12/2024 23:05:00,EDT,Other Renewables,265.0
07/12/2024 23:05:00,EDT,Wind,276.0
07/12/2024 23:05:00,EDT,Hydro,2680.0
07/12/2024 23:10:00,EDT,Dual Fuel,6115.0
07/12/2024 23:10:00,EDT,Natural Gas,5048.0
07/12/2024 23:10:00,EDT,Nuclear,3246.0
07/12/2024 23:10:00,EDT,Other Fossil Fuels,13.0
07/12/2024 23:10:00,EDT,Other Renewables,265.0
07/12/2024 23:10:00,EDT,Wind,286.0
07/12/2024 23:10:00,EDT,Hydro,2528.0
07/12/2024 23:15:00,EDT,Dual Fuel,5992.0
07/12/2024 23:15:00,EDT,Natural Gas,4983.0
07/12/2024 23:15:00,EDT,Nuclear,3246.0
07/12/2024 23:15:00,EDT,Other Fossil Fuels,13.0
07/12/2024 23:15:00,EDT,Other Renewables,268.0
07/12/2024 23:15:00,EDT,Wind,287.0
07/12/2024 23:15:00,EDT,Hydro,2445.0
07/12/2024 23:20:00,EDT,Dual Fuel,5999.0
07/12/2024 23:20:00,EDT,Natural Gas,4941.0
07/12/2024 23:20:00,EDT,Nuclear,3246.0
07/12/2024 23:20:00,EDT,Other Fossil Fuels,14.0
07/12/2024 23:20:00,EDT,Other Renewables,262.0
07/12/2024 23:20:00,EDT,Wind,286.0
07/12/2024 23:20:00,EDT,Hydro,2479.0
07/12/2024 23:25:00,EDT,Dual Fuel,5961.0
07/12/2024 23:25:00,EDT,Natural Gas,4934.0
07/12/2024 23:25:00,EDT,Nuclear,3247.0
07/12/2024 23:25:00,EDT,Other Fossil Fuels,14.0
07/12/2024 23:25:00,EDT,Other Renewables,258.0
07/12/2024 23:25:00,EDT,Wind,288.0
07/12/2024 23:25:00,EDT,Hydro,2505.0
07/12/2024 23:30:00,EDT,Dual Fuel,5860.0
07/12/2024 23:30:00,EDT,Natural Gas,4887.0
07/12/2024 23:30:00,EDT,Nuclear,3247.0
07/12/2024 23:30:00,EDT,Other Fossil Fuels,14.0
07/12/2024 23:30:00,EDT,Other Renewables,255.0
07/12/2024 23:30:00,EDT,Wind,293.0
07/12/2024 23:30:00,EDT,Hydro,2513.0
07/12/2024 23:35:00,EDT,Dual Fuel,5775.0
07/12/2024 23:35:00,EDT,Natural Gas,4885.0
07/12/2024 23:35:00,EDT,Nuclear,3248.0
07/12/2024 23:35:00,EDT,Other Fossil Fuels,14.0
07/12/2024 23:35:00,EDT,Other Renewables,255.0
07/12/2024 23:35:00,EDT,Wind,293.0
07/12/2024 23:35:00,EDT,Hydro,2504.0
07/12/2024 23:40:00,EDT,Dual Fuel,5688.0
07/12/2024 23:40:00,EDT,Natural Gas,4897.0
07/12/2024 23:40:00,EDT,Nuclear,3247.0
07/12/2024 23:40:00,EDT,Other Fossil Fuels,14.0
07/12/2024 23:40:00,EDT,Other Renewables,258.0
07/12/2024 23:40:00,EDT,Wind,302.0
07/12/2024 23:40:00,EDT,Hydro,2441.0
07/12/2024 23:45:00,EDT,Dual Fuel,5591.0
07/12/2024 23:45:00,EDT,Natural Gas,4899.0
07/12/2024 23:45:00,EDT,Nuclear,3248.0
07/12/2024 23:45:00,EDT,Other Fossil Fuels,14.0
07/12/2024 23:45:00,EDT,Other Renewables,256.0
07/12/2024 23:45:00,EDT,Wind,304.0
07/12/2024 23:45:00,EDT,Hydro,2448.0
07/12/2024 23:50:00,EDT,Dual Fuel,5558.0
07/12/2024 23:50:00,EDT,Natural Gas,4897.0
07/12/2024 23:50:00,EDT,Nuclear,3247.0
07/12/2024 23:50:00,EDT,Other Fossil Fuels,14.0
07/12/2024 23:50:00,EDT,Other Renewables,258.0
07/12/2024 23:50:00,EDT,Wind,302.0
07/12/2024 23:50:00,EDT,Hydro,2410.0
07/12/2024 23:55:00,EDT,Dual Fuel,5535.0
07/12/2024 23:55:00,EDT,Natural Gas,4873.0
07/12/2024 23:55:00,EDT,Nuclear,3248.0
07/12/2024 23:55:00,EDT,Other Fossil Fuels,10.0
07/12/2024 23:55:00,EDT,Other Renewables,259.0
07/12/2024 23:55:00,EDT,Wind,298.0
07/12/2024 23:55:00,EDT,Hydro,2363.0
07/13/2024 00:00:00,EDT,Dual Fuel,5524.0
07/13/2024 00:00:00,EDT,Natural Gas,4862.0
07/13/2024 00:00:00,EDT,Nuclear,3247.0
07/13/2024 00:00:00,EDT,Other Fossil Fuels,8.0
07/13/2024 00:00:00,EDT,Other Renewables,258.0
07/13/2024 00:00:00,EDT,Wind,297.0
07/13/2024 00:00:00,EDT,Hydro,2376.0